ISO-10303-21;
HEADER;
FILE_DESCRIPTION(('Open CASCADE Model'),'2;1');
FILE_NAME('Open CASCADE Shape Model','2026-09-29T14:24:05',('Author'),(
    'Open CASCADE'),'Open CASCADE STEP processor 8.0','build123d',
  'Unknown');
FILE_SCHEMA(('AUTOMOTIVE_DESIGN { 1 0 10303 214 1 1 1 1 }'));
ENDSEC;
DATA;
#1 = APPLICATION_PROTOCOL_DEFINITION('international standard',
  'automotive_design',2000,#2);
#2 = APPLICATION_CONTEXT(
  'core data for automotive mechanical design processes');
#3 = SHAPE_DEFINITION_REPRESENTATION(#4,#10);
#4 = PRODUCT_DEFINITION_SHAPE('','',#5);
#5 = PRODUCT_DEFINITION('design','',#6,#9);
#6 = PRODUCT_DEFINITION_FORMATION('','',#7);
#7 = PRODUCT('SOLID','SOLID','',(#8));
#8 = PRODUCT_CONTEXT('',#2,'mechanical');
#9 = PRODUCT_DEFINITION_CONTEXT('part definition',#2,'design');
#10 = ADVANCED_BREP_SHAPE_REPRESENTATION('',(#11,#15),#2555);
#11 = AXIS2_PLACEMENT_3D('',#12,#13,#14);
#12 = CARTESIAN_POINT('',(0.,0.,0.));
#13 = DIRECTION('',(0.,0.,1.));
#14 = DIRECTION('',(1.,0.,-0.));
#15 = MANIFOLD_SOLID_BREP('',#16);
#16 = CLOSED_SHELL('',(#17,#306,#714,#932,#981,#1233,#1282,#1331,#1358,
    #1408,#1458,#1483,#1561,#1672,#1741,#1748,#1824,#1873,#1922,#1949,
    #2025,#2074,#2123,#2150,#2199,#2248,#2275,#2325,#2375,#2388,#2467,
    #2480,#2487,#2514,#2541,#2548));
#17 = ADVANCED_FACE('',(#18,#244,#275),#32,.F.);
#18 = FACE_BOUND('',#19,.F.);
#19 = EDGE_LOOP('',(#20,#55,#83,#111,#139,#167,#195,#218));
#20 = ORIENTED_EDGE('',*,*,#21,.F.);
#21 = EDGE_CURVE('',#22,#24,#26,.T.);
#22 = VERTEX_POINT('',#23);
#23 = CARTESIAN_POINT('',(3.,4.,259.8));
#24 = VERTEX_POINT('',#25);
#25 = CARTESIAN_POINT('',(3.,174.,259.8));
#26 = SURFACE_CURVE('',#27,(#31,#43),.PCURVE_S1.);
#27 = LINE('',#28,#29);
#28 = CARTESIAN_POINT('',(3.,4.,259.8));
#29 = VECTOR('',#30,1.);
#30 = DIRECTION('',(0.,1.,0.));
#31 = PCURVE('',#32,#37);
#32 = PLANE('',#33);
#33 = AXIS2_PLACEMENT_3D('',#34,#35,#36);
#34 = CARTESIAN_POINT('',(3.,4.,255.8));
#35 = DIRECTION('',(1.,0.,-0.));
#36 = DIRECTION('',(0.,0.,1.));
#37 = DEFINITIONAL_REPRESENTATION('',(#38),#42);
#38 = LINE('',#39,#40);
#39 = CARTESIAN_POINT('',(4.,0.));
#40 = VECTOR('',#41,1.);
#41 = DIRECTION('',(0.,-1.));
#42 = ( GEOMETRIC_REPRESENTATION_CONTEXT(2) 
PARAMETRIC_REPRESENTATION_CONTEXT() REPRESENTATION_CONTEXT('2D SPACE',''
  ) );
#43 = PCURVE('',#44,#49);
#44 = PLANE('',#45);
#45 = AXIS2_PLACEMENT_3D('',#46,#47,#48);
#46 = CARTESIAN_POINT('',(3.,4.,259.8));
#47 = DIRECTION('',(0.,0.,1.));
#48 = DIRECTION('',(1.,0.,-0.));
#49 = DEFINITIONAL_REPRESENTATION('',(#50),#54);
#50 = LINE('',#51,#52);
#51 = CARTESIAN_POINT('',(0.,0.));
#52 = VECTOR('',#53,1.);
#53 = DIRECTION('',(0.,1.));
#54 = ( GEOMETRIC_REPRESENTATION_CONTEXT(2) 
PARAMETRIC_REPRESENTATION_CONTEXT() REPRESENTATION_CONTEXT('2D SPACE',''
  ) );
#55 = ORIENTED_EDGE('',*,*,#56,.F.);
#56 = EDGE_CURVE('',#57,#22,#59,.T.);
#57 = VERTEX_POINT('',#58);
#58 = CARTESIAN_POINT('',(3.,4.,255.8));
#59 = SURFACE_CURVE('',#60,(#64,#71),.PCURVE_S1.);
#60 = LINE('',#61,#62);
#61 = CARTESIAN_POINT('',(3.,4.,255.8));
#62 = VECTOR('',#63,1.);
#63 = DIRECTION('',(0.,0.,1.));
#64 = PCURVE('',#32,#65);
#65 = DEFINITIONAL_REPRESENTATION('',(#66),#70);
#66 = LINE('',#67,#68);
#67 = CARTESIAN_POINT('',(0.,0.));
#68 = VECTOR('',#69,1.);
#69 = DIRECTION('',(1.,0.));
#70 = ( GEOMETRIC_REPRESENTATION_CONTEXT(2) 
PARAMETRIC_REPRESENTATION_CONTEXT() REPRESENTATION_CONTEXT('2D SPACE',''
  ) );
#71 = PCURVE('',#72,#77);
#72 = PLANE('',#73);
#73 = AXIS2_PLACEMENT_3D('',#74,#75,#76);
#74 = CARTESIAN_POINT('',(3.,4.,255.8));
#75 = DIRECTION('',(-0.,1.,0.));
#76 = DIRECTION('',(0.,0.,1.));
#77 = DEFINITIONAL_REPRESENTATION('',(#78),#82);
#78 = LINE('',#79,#80);
#79 = CARTESIAN_POINT('',(0.,0.));
#80 = VECTOR('',#81,1.);
#81 = DIRECTION('',(1.,0.));
#82 = ( GEOMETRIC_REPRESENTATION_CONTEXT(2) 
PARAMETRIC_REPRESENTATION_CONTEXT() REPRESENTATION_CONTEXT('2D SPACE',''
  ) );
#83 = ORIENTED_EDGE('',*,*,#84,.T.);
#84 = EDGE_CURVE('',#57,#85,#87,.T.);
#85 = VERTEX_POINT('',#86);
#86 = CARTESIAN_POINT('',(3.,30.,255.8));
#87 = SURFACE_CURVE('',#88,(#92,#99),.PCURVE_S1.);
#88 = LINE('',#89,#90);
#89 = CARTESIAN_POINT('',(3.,4.,255.8));
#90 = VECTOR('',#91,1.);
#91 = DIRECTION('',(-0.,1.,0.));
#92 = PCURVE('',#32,#93);
#93 = DEFINITIONAL_REPRESENTATION('',(#94),#98);
#94 = LINE('',#95,#96);
#95 = CARTESIAN_POINT('',(0.,0.));
#96 = VECTOR('',#97,1.);
#97 = DIRECTION('',(0.,-1.));
#98 = ( GEOMETRIC_REPRESENTATION_CONTEXT(2) 
PARAMETRIC_REPRESENTATION_CONTEXT() REPRESENTATION_CONTEXT('2D SPACE',''
  ) );
#99 = PCURVE('',#100,#105);
#100 = PLANE('',#101);
#101 = AXIS2_PLACEMENT_3D('',#102,#103,#104);
#102 = CARTESIAN_POINT('',(3.,4.,255.8));
#103 = DIRECTION('',(0.,0.,1.));
#104 = DIRECTION('',(1.,0.,-0.));
#105 = DEFINITIONAL_REPRESENTATION('',(#106),#110);
#106 = LINE('',#107,#108);
#107 = CARTESIAN_POINT('',(0.,0.));
#108 = VECTOR('',#109,1.);
#109 = DIRECTION('',(0.,1.));
#110 = ( GEOMETRIC_REPRESENTATION_CONTEXT(2) 
PARAMETRIC_REPRESENTATION_CONTEXT() REPRESENTATION_CONTEXT('2D SPACE',''
  ) );
#111 = ORIENTED_EDGE('',*,*,#112,.F.);
#112 = EDGE_CURVE('',#113,#85,#115,.T.);
#113 = VERTEX_POINT('',#114);
#114 = CARTESIAN_POINT('',(3.,30.,235.8));
#115 = SURFACE_CURVE('',#116,(#120,#127),.PCURVE_S1.);
#116 = LINE('',#117,#118);
#117 = CARTESIAN_POINT('',(3.,30.,235.8));
#118 = VECTOR('',#119,1.);
#119 = DIRECTION('',(0.,0.,1.));
#120 = PCURVE('',#32,#121);
#121 = DEFINITIONAL_REPRESENTATION('',(#122),#126);
#122 = LINE('',#123,#124);
#123 = CARTESIAN_POINT('',(-20.,-26.));
#124 = VECTOR('',#125,1.);
#125 = DIRECTION('',(1.,0.));
#126 = ( GEOMETRIC_REPRESENTATION_CONTEXT(2) 
PARAMETRIC_REPRESENTATION_CONTEXT() REPRESENTATION_CONTEXT('2D SPACE',''
  ) );
#127 = PCURVE('',#128,#133);
#128 = PLANE('',#129);
#129 = AXIS2_PLACEMENT_3D('',#130,#131,#132);
#130 = CARTESIAN_POINT('',(3.,30.,235.8));
#131 = DIRECTION('',(-0.,1.,0.));
#132 = DIRECTION('',(0.,0.,1.));
#133 = DEFINITIONAL_REPRESENTATION('',(#134),#138);
#134 = LINE('',#135,#136);
#135 = CARTESIAN_POINT('',(0.,0.));
#136 = VECTOR('',#137,1.);
#137 = DIRECTION('',(1.,0.));
#138 = ( GEOMETRIC_REPRESENTATION_CONTEXT(2) 
PARAMETRIC_REPRESENTATION_CONTEXT() REPRESENTATION_CONTEXT('2D SPACE',''
  ) );
#139 = ORIENTED_EDGE('',*,*,#140,.T.);
#140 = EDGE_CURVE('',#113,#141,#143,.T.);
#141 = VERTEX_POINT('',#142);
#142 = CARTESIAN_POINT('',(3.,150.,235.8));
#143 = SURFACE_CURVE('',#144,(#148,#155),.PCURVE_S1.);
#144 = LINE('',#145,#146);
#145 = CARTESIAN_POINT('',(3.,30.,235.8));
#146 = VECTOR('',#147,1.);
#147 = DIRECTION('',(-0.,1.,0.));
#148 = PCURVE('',#32,#149);
#149 = DEFINITIONAL_REPRESENTATION('',(#150),#154);
#150 = LINE('',#151,#152);
#151 = CARTESIAN_POINT('',(-20.,-26.));
#152 = VECTOR('',#153,1.);
#153 = DIRECTION('',(0.,-1.));
#154 = ( GEOMETRIC_REPRESENTATION_CONTEXT(2) 
PARAMETRIC_REPRESENTATION_CONTEXT() REPRESENTATION_CONTEXT('2D SPACE',''
  ) );
#155 = PCURVE('',#156,#161);
#156 = PLANE('',#157);
#157 = AXIS2_PLACEMENT_3D('',#158,#159,#160);
#158 = CARTESIAN_POINT('',(3.,30.,235.8));
#159 = DIRECTION('',(0.,0.,1.));
#160 = DIRECTION('',(1.,0.,-0.));
#161 = DEFINITIONAL_REPRESENTATION('',(#162),#166);
#162 = LINE('',#163,#164);
#163 = CARTESIAN_POINT('',(0.,0.));
#164 = VECTOR('',#165,1.);
#165 = DIRECTION('',(0.,1.));
#166 = ( GEOMETRIC_REPRESENTATION_CONTEXT(2) 
PARAMETRIC_REPRESENTATION_CONTEXT() REPRESENTATION_CONTEXT('2D SPACE',''
  ) );
#167 = ORIENTED_EDGE('',*,*,#168,.T.);
#168 = EDGE_CURVE('',#141,#169,#171,.T.);
#169 = VERTEX_POINT('',#170);
#170 = CARTESIAN_POINT('',(3.,150.,255.8));
#171 = SURFACE_CURVE('',#172,(#176,#183),.PCURVE_S1.);
#172 = LINE('',#173,#174);
#173 = CARTESIAN_POINT('',(3.,150.,235.8));
#174 = VECTOR('',#175,1.);
#175 = DIRECTION('',(0.,0.,1.));
#176 = PCURVE('',#32,#177);
#177 = DEFINITIONAL_REPRESENTATION('',(#178),#182);
#178 = LINE('',#179,#180);
#179 = CARTESIAN_POINT('',(-20.,-146.));
#180 = VECTOR('',#181,1.);
#181 = DIRECTION('',(1.,0.));
#182 = ( GEOMETRIC_REPRESENTATION_CONTEXT(2) 
PARAMETRIC_REPRESENTATION_CONTEXT() REPRESENTATION_CONTEXT('2D SPACE',''
  ) );
#183 = PCURVE('',#184,#189);
#184 = PLANE('',#185);
#185 = AXIS2_PLACEMENT_3D('',#186,#187,#188);
#186 = CARTESIAN_POINT('',(3.,150.,235.8));
#187 = DIRECTION('',(-0.,1.,0.));
#188 = DIRECTION('',(0.,0.,1.));
#189 = DEFINITIONAL_REPRESENTATION('',(#190),#194);
#190 = LINE('',#191,#192);
#191 = CARTESIAN_POINT('',(0.,0.));
#192 = VECTOR('',#193,1.);
#193 = DIRECTION('',(1.,0.));
#194 = ( GEOMETRIC_REPRESENTATION_CONTEXT(2) 
PARAMETRIC_REPRESENTATION_CONTEXT() REPRESENTATION_CONTEXT('2D SPACE',''
  ) );
#195 = ORIENTED_EDGE('',*,*,#196,.T.);
#196 = EDGE_CURVE('',#169,#197,#199,.T.);
#197 = VERTEX_POINT('',#198);
#198 = CARTESIAN_POINT('',(3.,174.,255.8));
#199 = SURFACE_CURVE('',#200,(#204,#211),.PCURVE_S1.);
#200 = LINE('',#201,#202);
#201 = CARTESIAN_POINT('',(3.,4.,255.8));
#202 = VECTOR('',#203,1.);
#203 = DIRECTION('',(-0.,1.,0.));
#204 = PCURVE('',#32,#205);
#205 = DEFINITIONAL_REPRESENTATION('',(#206),#210);
#206 = LINE('',#207,#208);
#207 = CARTESIAN_POINT('',(0.,0.));
#208 = VECTOR('',#209,1.);
#209 = DIRECTION('',(0.,-1.));
#210 = ( GEOMETRIC_REPRESENTATION_CONTEXT(2) 
PARAMETRIC_REPRESENTATION_CONTEXT() REPRESENTATION_CONTEXT('2D SPACE',''
  ) );
#211 = PCURVE('',#100,#212);
#212 = DEFINITIONAL_REPRESENTATION('',(#213),#217);
#213 = LINE('',#214,#215);
#214 = CARTESIAN_POINT('',(0.,0.));
#215 = VECTOR('',#216,1.);
#216 = DIRECTION('',(0.,1.));
#217 = ( GEOMETRIC_REPRESENTATION_CONTEXT(2) 
PARAMETRIC_REPRESENTATION_CONTEXT() REPRESENTATION_CONTEXT('2D SPACE',''
  ) );
#218 = ORIENTED_EDGE('',*,*,#219,.T.);
#219 = EDGE_CURVE('',#197,#24,#220,.T.);
#220 = SURFACE_CURVE('',#221,(#225,#232),.PCURVE_S1.);
#221 = LINE('',#222,#223);
#222 = CARTESIAN_POINT('',(3.,174.,255.8));
#223 = VECTOR('',#224,1.);
#224 = DIRECTION('',(0.,0.,1.));
#225 = PCURVE('',#32,#226);
#226 = DEFINITIONAL_REPRESENTATION('',(#227),#231);
#227 = LINE('',#228,#229);
#228 = CARTESIAN_POINT('',(0.,-170.));
#229 = VECTOR('',#230,1.);
#230 = DIRECTION('',(1.,0.));
#231 = ( GEOMETRIC_REPRESENTATION_CONTEXT(2) 
PARAMETRIC_REPRESENTATION_CONTEXT() REPRESENTATION_CONTEXT('2D SPACE',''
  ) );
#232 = PCURVE('',#233,#238);
#233 = PLANE('',#234);
#234 = AXIS2_PLACEMENT_3D('',#235,#236,#237);
#235 = CARTESIAN_POINT('',(3.,174.,255.8));
#236 = DIRECTION('',(-0.,1.,0.));
#237 = DIRECTION('',(0.,0.,1.));
#238 = DEFINITIONAL_REPRESENTATION('',(#239),#243);
#239 = LINE('',#240,#241);
#240 = CARTESIAN_POINT('',(0.,0.));
#241 = VECTOR('',#242,1.);
#242 = DIRECTION('',(1.,0.));
#243 = ( GEOMETRIC_REPRESENTATION_CONTEXT(2) 
PARAMETRIC_REPRESENTATION_CONTEXT() REPRESENTATION_CONTEXT('2D SPACE',''
  ) );
#244 = FACE_BOUND('',#245,.F.);
#245 = EDGE_LOOP('',(#246));
#246 = ORIENTED_EDGE('',*,*,#247,.F.);
#247 = EDGE_CURVE('',#248,#248,#250,.T.);
#248 = VERTEX_POINT('',#249);
#249 = CARTESIAN_POINT('',(3.,120.,243.6));
#250 = SURFACE_CURVE('',#251,(#256,#263),.PCURVE_S1.);
#251 = CIRCLE('',#252,2.2);
#252 = AXIS2_PLACEMENT_3D('',#253,#254,#255);
#253 = CARTESIAN_POINT('',(3.,120.,245.8));
#254 = DIRECTION('',(1.,0.,2.22044604925E-16));
#255 = DIRECTION('',(2.22044604925E-16,0.,-1.));
#256 = PCURVE('',#32,#257);
#257 = DEFINITIONAL_REPRESENTATION('',(#258),#262);
#258 = CIRCLE('',#259,2.2);
#259 = AXIS2_PLACEMENT_2D('',#260,#261);
#260 = CARTESIAN_POINT('',(-10.,-116.));
#261 = DIRECTION('',(-1.,0.));
#262 = ( GEOMETRIC_REPRESENTATION_CONTEXT(2) 
PARAMETRIC_REPRESENTATION_CONTEXT() REPRESENTATION_CONTEXT('2D SPACE',''
  ) );
#263 = PCURVE('',#264,#269);
#264 = CYLINDRICAL_SURFACE('',#265,2.2);
#265 = AXIS2_PLACEMENT_3D('',#266,#267,#268);
#266 = CARTESIAN_POINT('',(2.,120.,245.8));
#267 = DIRECTION('',(1.,0.,2.22044604925E-16));
#268 = DIRECTION('',(2.22044604925E-16,0.,-1.));
#269 = DEFINITIONAL_REPRESENTATION('',(#270),#274);
#270 = LINE('',#271,#272);
#271 = CARTESIAN_POINT('',(0.,1.));
#272 = VECTOR('',#273,1.);
#273 = DIRECTION('',(1.,0.));
#274 = ( GEOMETRIC_REPRESENTATION_CONTEXT(2) 
PARAMETRIC_REPRESENTATION_CONTEXT() REPRESENTATION_CONTEXT('2D SPACE',''
  ) );
#275 = FACE_BOUND('',#276,.F.);
#276 = EDGE_LOOP('',(#277));
#277 = ORIENTED_EDGE('',*,*,#278,.F.);
#278 = EDGE_CURVE('',#279,#279,#281,.T.);
#279 = VERTEX_POINT('',#280);
#280 = CARTESIAN_POINT('',(3.,60.,243.6));
#281 = SURFACE_CURVE('',#282,(#287,#294),.PCURVE_S1.);
#282 = CIRCLE('',#283,2.2);
#283 = AXIS2_PLACEMENT_3D('',#284,#285,#286);
#284 = CARTESIAN_POINT('',(3.,60.,245.8));
#285 = DIRECTION('',(1.,0.,2.22044604925E-16));
#286 = DIRECTION('',(2.22044604925E-16,0.,-1.));
#287 = PCURVE('',#32,#288);
#288 = DEFINITIONAL_REPRESENTATION('',(#289),#293);
#289 = CIRCLE('',#290,2.2);
#290 = AXIS2_PLACEMENT_2D('',#291,#292);
#291 = CARTESIAN_POINT('',(-10.,-56.));
#292 = DIRECTION('',(-1.,0.));
#293 = ( GEOMETRIC_REPRESENTATION_CONTEXT(2) 
PARAMETRIC_REPRESENTATION_CONTEXT() REPRESENTATION_CONTEXT('2D SPACE',''
  ) );
#294 = PCURVE('',#295,#300);
#295 = CYLINDRICAL_SURFACE('',#296,2.2);
#296 = AXIS2_PLACEMENT_3D('',#297,#298,#299);
#297 = CARTESIAN_POINT('',(2.,60.,245.8));
#298 = DIRECTION('',(1.,0.,2.22044604925E-16));
#299 = DIRECTION('',(2.22044604925E-16,0.,-1.));
#300 = DEFINITIONAL_REPRESENTATION('',(#301),#305);
#301 = LINE('',#302,#303);
#302 = CARTESIAN_POINT('',(0.,1.));
#303 = VECTOR('',#304,1.);
#304 = DIRECTION('',(1.,0.));
#305 = ( GEOMETRIC_REPRESENTATION_CONTEXT(2) 
PARAMETRIC_REPRESENTATION_CONTEXT() REPRESENTATION_CONTEXT('2D SPACE',''
  ) );
#306 = ADVANCED_FACE('',(#307,#494,#604),#44,.T.);
#307 = FACE_BOUND('',#308,.T.);
#308 = EDGE_LOOP('',(#309,#310,#333,#361,#389,#417,#445,#473));
#309 = ORIENTED_EDGE('',*,*,#21,.F.);
#310 = ORIENTED_EDGE('',*,*,#311,.T.);
#311 = EDGE_CURVE('',#22,#312,#314,.T.);
#312 = VERTEX_POINT('',#313);
#313 = CARTESIAN_POINT('',(154.5,4.,259.8));
#314 = SURFACE_CURVE('',#315,(#319,#326),.PCURVE_S1.);
#315 = LINE('',#316,#317);
#316 = CARTESIAN_POINT('',(3.,4.,259.8));
#317 = VECTOR('',#318,1.);
#318 = DIRECTION('',(1.,0.,0.));
#319 = PCURVE('',#44,#320);
#320 = DEFINITIONAL_REPRESENTATION('',(#321),#325);
#321 = LINE('',#322,#323);
#322 = CARTESIAN_POINT('',(0.,0.));
#323 = VECTOR('',#324,1.);
#324 = DIRECTION('',(1.,0.));
#325 = ( GEOMETRIC_REPRESENTATION_CONTEXT(2) 
PARAMETRIC_REPRESENTATION_CONTEXT() REPRESENTATION_CONTEXT('2D SPACE',''
  ) );
#326 = PCURVE('',#72,#327);
#327 = DEFINITIONAL_REPRESENTATION('',(#328),#332);
#328 = LINE('',#329,#330);
#329 = CARTESIAN_POINT('',(4.,0.));
#330 = VECTOR('',#331,1.);
#331 = DIRECTION('',(0.,1.));
#332 = ( GEOMETRIC_REPRESENTATION_CONTEXT(2) 
PARAMETRIC_REPRESENTATION_CONTEXT() REPRESENTATION_CONTEXT('2D SPACE',''
  ) );
#333 = ORIENTED_EDGE('',*,*,#334,.T.);
#334 = EDGE_CURVE('',#312,#335,#337,.T.);
#335 = VERTEX_POINT('',#336);
#336 = CARTESIAN_POINT('',(154.5,30.,259.8));
#337 = SURFACE_CURVE('',#338,(#342,#349),.PCURVE_S1.);
#338 = LINE('',#339,#340);
#339 = CARTESIAN_POINT('',(154.5,4.,259.8));
#340 = VECTOR('',#341,1.);
#341 = DIRECTION('',(-0.,1.,0.));
#342 = PCURVE('',#44,#343);
#343 = DEFINITIONAL_REPRESENTATION('',(#344),#348);
#344 = LINE('',#345,#346);
#345 = CARTESIAN_POINT('',(151.5,0.));
#346 = VECTOR('',#347,1.);
#347 = DIRECTION('',(0.,1.));
#348 = ( GEOMETRIC_REPRESENTATION_CONTEXT(2) 
PARAMETRIC_REPRESENTATION_CONTEXT() REPRESENTATION_CONTEXT('2D SPACE',''
  ) );
#349 = PCURVE('',#350,#355);
#350 = PLANE('',#351);
#351 = AXIS2_PLACEMENT_3D('',#352,#353,#354);
#352 = CARTESIAN_POINT('',(154.5,4.,255.8));
#353 = DIRECTION('',(1.,0.,-0.));
#354 = DIRECTION('',(0.,0.,1.));
#355 = DEFINITIONAL_REPRESENTATION('',(#356),#360);
#356 = LINE('',#357,#358);
#357 = CARTESIAN_POINT('',(4.,0.));
#358 = VECTOR('',#359,1.);
#359 = DIRECTION('',(0.,-1.));
#360 = ( GEOMETRIC_REPRESENTATION_CONTEXT(2) 
PARAMETRIC_REPRESENTATION_CONTEXT() REPRESENTATION_CONTEXT('2D SPACE',''
  ) );
#361 = ORIENTED_EDGE('',*,*,#362,.T.);
#362 = EDGE_CURVE('',#335,#363,#365,.T.);
#363 = VERTEX_POINT('',#364);
#364 = CARTESIAN_POINT('',(156.,30.,259.8));
#365 = SURFACE_CURVE('',#366,(#370,#377),.PCURVE_S1.);
#366 = LINE('',#367,#368);
#367 = CARTESIAN_POINT('',(152.,30.,259.8));
#368 = VECTOR('',#369,1.);
#369 = DIRECTION('',(1.,0.,-0.));
#370 = PCURVE('',#44,#371);
#371 = DEFINITIONAL_REPRESENTATION('',(#372),#376);
#372 = LINE('',#373,#374);
#373 = CARTESIAN_POINT('',(149.,26.));
#374 = VECTOR('',#375,1.);
#375 = DIRECTION('',(1.,0.));
#376 = ( GEOMETRIC_REPRESENTATION_CONTEXT(2) 
PARAMETRIC_REPRESENTATION_CONTEXT() REPRESENTATION_CONTEXT('2D SPACE',''
  ) );
#377 = PCURVE('',#378,#383);
#378 = PLANE('',#379);
#379 = AXIS2_PLACEMENT_3D('',#380,#381,#382);
#380 = CARTESIAN_POINT('',(152.,30.,235.8));
#381 = DIRECTION('',(-0.,1.,0.));
#382 = DIRECTION('',(0.,0.,1.));
#383 = DEFINITIONAL_REPRESENTATION('',(#384),#388);
#384 = LINE('',#385,#386);
#385 = CARTESIAN_POINT('',(24.,0.));
#386 = VECTOR('',#387,1.);
#387 = DIRECTION('',(0.,1.));
#388 = ( GEOMETRIC_REPRESENTATION_CONTEXT(2) 
PARAMETRIC_REPRESENTATION_CONTEXT() REPRESENTATION_CONTEXT('2D SPACE',''
  ) );
#389 = ORIENTED_EDGE('',*,*,#390,.T.);
#390 = EDGE_CURVE('',#363,#391,#393,.T.);
#391 = VERTEX_POINT('',#392);
#392 = CARTESIAN_POINT('',(156.,150.,259.8));
#393 = SURFACE_CURVE('',#394,(#398,#405),.PCURVE_S1.);
#394 = LINE('',#395,#396);
#395 = CARTESIAN_POINT('',(156.,30.,259.8));
#396 = VECTOR('',#397,1.);
#397 = DIRECTION('',(-0.,1.,0.));
#398 = PCURVE('',#44,#399);
#399 = DEFINITIONAL_REPRESENTATION('',(#400),#404);
#400 = LINE('',#401,#402);
#401 = CARTESIAN_POINT('',(153.,26.));
#402 = VECTOR('',#403,1.);
#403 = DIRECTION('',(0.,1.));
#404 = ( GEOMETRIC_REPRESENTATION_CONTEXT(2) 
PARAMETRIC_REPRESENTATION_CONTEXT() REPRESENTATION_CONTEXT('2D SPACE',''
  ) );
#405 = PCURVE('',#406,#411);
#406 = PLANE('',#407);
#407 = AXIS2_PLACEMENT_3D('',#408,#409,#410);
#408 = CARTESIAN_POINT('',(156.,30.,235.8));
#409 = DIRECTION('',(1.,0.,-0.));
#410 = DIRECTION('',(0.,0.,1.));
#411 = DEFINITIONAL_REPRESENTATION('',(#412),#416);
#412 = LINE('',#413,#414);
#413 = CARTESIAN_POINT('',(24.,0.));
#414 = VECTOR('',#415,1.);
#415 = DIRECTION('',(0.,-1.));
#416 = ( GEOMETRIC_REPRESENTATION_CONTEXT(2) 
PARAMETRIC_REPRESENTATION_CONTEXT() REPRESENTATION_CONTEXT('2D SPACE',''
  ) );
#417 = ORIENTED_EDGE('',*,*,#418,.F.);
#418 = EDGE_CURVE('',#419,#391,#421,.T.);
#419 = VERTEX_POINT('',#420);
#420 = CARTESIAN_POINT('',(154.5,150.,259.8));
#421 = SURFACE_CURVE('',#422,(#426,#433),.PCURVE_S1.);
#422 = LINE('',#423,#424);
#423 = CARTESIAN_POINT('',(152.,150.,259.8));
#424 = VECTOR('',#425,1.);
#425 = DIRECTION('',(1.,0.,-0.));
#426 = PCURVE('',#44,#427);
#427 = DEFINITIONAL_REPRESENTATION('',(#428),#432);
#428 = LINE('',#429,#430);
#429 = CARTESIAN_POINT('',(149.,146.));
#430 = VECTOR('',#431,1.);
#431 = DIRECTION('',(1.,0.));
#432 = ( GEOMETRIC_REPRESENTATION_CONTEXT(2) 
PARAMETRIC_REPRESENTATION_CONTEXT() REPRESENTATION_CONTEXT('2D SPACE',''
  ) );
#433 = PCURVE('',#434,#439);
#434 = PLANE('',#435);
#435 = AXIS2_PLACEMENT_3D('',#436,#437,#438);
#436 = CARTESIAN_POINT('',(152.,150.,235.8));
#437 = DIRECTION('',(-0.,1.,0.));
#438 = DIRECTION('',(0.,0.,1.));
#439 = DEFINITIONAL_REPRESENTATION('',(#440),#444);
#440 = LINE('',#441,#442);
#441 = CARTESIAN_POINT('',(24.,0.));
#442 = VECTOR('',#443,1.);
#443 = DIRECTION('',(0.,1.));
#444 = ( GEOMETRIC_REPRESENTATION_CONTEXT(2) 
PARAMETRIC_REPRESENTATION_CONTEXT() REPRESENTATION_CONTEXT('2D SPACE',''
  ) );
#445 = ORIENTED_EDGE('',*,*,#446,.T.);
#446 = EDGE_CURVE('',#419,#447,#449,.T.);
#447 = VERTEX_POINT('',#448);
#448 = CARTESIAN_POINT('',(154.5,174.,259.8));
#449 = SURFACE_CURVE('',#450,(#454,#461),.PCURVE_S1.);
#450 = LINE('',#451,#452);
#451 = CARTESIAN_POINT('',(154.5,4.,259.8));
#452 = VECTOR('',#453,1.);
#453 = DIRECTION('',(-0.,1.,0.));
#454 = PCURVE('',#44,#455);
#455 = DEFINITIONAL_REPRESENTATION('',(#456),#460);
#456 = LINE('',#457,#458);
#457 = CARTESIAN_POINT('',(151.5,0.));
#458 = VECTOR('',#459,1.);
#459 = DIRECTION('',(0.,1.));
#460 = ( GEOMETRIC_REPRESENTATION_CONTEXT(2) 
PARAMETRIC_REPRESENTATION_CONTEXT() REPRESENTATION_CONTEXT('2D SPACE',''
  ) );
#461 = PCURVE('',#462,#467);
#462 = PLANE('',#463);
#463 = AXIS2_PLACEMENT_3D('',#464,#465,#466);
#464 = CARTESIAN_POINT('',(154.5,4.,255.8));
#465 = DIRECTION('',(1.,0.,-0.));
#466 = DIRECTION('',(0.,0.,1.));
#467 = DEFINITIONAL_REPRESENTATION('',(#468),#472);
#468 = LINE('',#469,#470);
#469 = CARTESIAN_POINT('',(4.,0.));
#470 = VECTOR('',#471,1.);
#471 = DIRECTION('',(0.,-1.));
#472 = ( GEOMETRIC_REPRESENTATION_CONTEXT(2) 
PARAMETRIC_REPRESENTATION_CONTEXT() REPRESENTATION_CONTEXT('2D SPACE',''
  ) );
#473 = ORIENTED_EDGE('',*,*,#474,.F.);
#474 = EDGE_CURVE('',#24,#447,#475,.T.);
#475 = SURFACE_CURVE('',#476,(#480,#487),.PCURVE_S1.);
#476 = LINE('',#477,#478);
#477 = CARTESIAN_POINT('',(3.,174.,259.8));
#478 = VECTOR('',#479,1.);
#479 = DIRECTION('',(1.,0.,-0.));
#480 = PCURVE('',#44,#481);
#481 = DEFINITIONAL_REPRESENTATION('',(#482),#486);
#482 = LINE('',#483,#484);
#483 = CARTESIAN_POINT('',(0.,170.));
#484 = VECTOR('',#485,1.);
#485 = DIRECTION('',(1.,0.));
#486 = ( GEOMETRIC_REPRESENTATION_CONTEXT(2) 
PARAMETRIC_REPRESENTATION_CONTEXT() REPRESENTATION_CONTEXT('2D SPACE',''
  ) );
#487 = PCURVE('',#233,#488);
#488 = DEFINITIONAL_REPRESENTATION('',(#489),#493);
#489 = LINE('',#490,#491);
#490 = CARTESIAN_POINT('',(4.,0.));
#491 = VECTOR('',#492,1.);
#492 = DIRECTION('',(0.,1.));
#493 = ( GEOMETRIC_REPRESENTATION_CONTEXT(2) 
PARAMETRIC_REPRESENTATION_CONTEXT() REPRESENTATION_CONTEXT('2D SPACE',''
  ) );
#494 = FACE_BOUND('',#495,.T.);
#495 = EDGE_LOOP('',(#496,#525,#552,#579));
#496 = ORIENTED_EDGE('',*,*,#497,.T.);
#497 = EDGE_CURVE('',#498,#500,#502,.T.);
#498 = VERTEX_POINT('',#499);
#499 = CARTESIAN_POINT('',(34.,164.5,259.8));
#500 = VERTEX_POINT('',#501);
#501 = CARTESIAN_POINT('',(4.,164.5,259.8));
#502 = SURFACE_CURVE('',#503,(#507,#514),.PCURVE_S1.);
#503 = LINE('',#504,#505);
#504 = CARTESIAN_POINT('',(3.5,164.5,259.8));
#505 = VECTOR('',#506,1.);
#506 = DIRECTION('',(-1.,-0.,0.));
#507 = PCURVE('',#44,#508);
#508 = DEFINITIONAL_REPRESENTATION('',(#509),#513);
#509 = LINE('',#510,#511);
#510 = CARTESIAN_POINT('',(0.5,160.5));
#511 = VECTOR('',#512,1.);
#512 = DIRECTION('',(-1.,0.));
#513 = ( GEOMETRIC_REPRESENTATION_CONTEXT(2) 
PARAMETRIC_REPRESENTATION_CONTEXT() REPRESENTATION_CONTEXT('2D SPACE',''
  ) );
#514 = PCURVE('',#515,#520);
#515 = PLANE('',#516);
#516 = AXIS2_PLACEMENT_3D('',#517,#518,#519);
#517 = CARTESIAN_POINT('',(4.,164.5,258.8));
#518 = DIRECTION('',(-0.,1.,0.));
#519 = DIRECTION('',(0.,0.,1.));
#520 = DEFINITIONAL_REPRESENTATION('',(#521),#524);
#521 = B_SPLINE_CURVE_WITH_KNOTS('',1,(#522,#523),.UNSPECIFIED.,.F.,.F.,
  (2,2),(-30.5,-0.5),.PIECEWISE_BEZIER_KNOTS.);
#522 = CARTESIAN_POINT('',(1.,30.));
#523 = CARTESIAN_POINT('',(1.,0.));
#524 = ( GEOMETRIC_REPRESENTATION_CONTEXT(2) 
PARAMETRIC_REPRESENTATION_CONTEXT() REPRESENTATION_CONTEXT('2D SPACE',''
  ) );
#525 = ORIENTED_EDGE('',*,*,#526,.T.);
#526 = EDGE_CURVE('',#500,#527,#529,.T.);
#527 = VERTEX_POINT('',#528);
#528 = CARTESIAN_POINT('',(4.,168.5,259.8));
#529 = SURFACE_CURVE('',#530,(#534,#541),.PCURVE_S1.);
#530 = LINE('',#531,#532);
#531 = CARTESIAN_POINT('',(4.,84.25,259.8));
#532 = VECTOR('',#533,1.);
#533 = DIRECTION('',(-0.,1.,0.));
#534 = PCURVE('',#44,#535);
#535 = DEFINITIONAL_REPRESENTATION('',(#536),#540);
#536 = LINE('',#537,#538);
#537 = CARTESIAN_POINT('',(1.,80.25));
#538 = VECTOR('',#539,1.);
#539 = DIRECTION('',(0.,1.));
#540 = ( GEOMETRIC_REPRESENTATION_CONTEXT(2) 
PARAMETRIC_REPRESENTATION_CONTEXT() REPRESENTATION_CONTEXT('2D SPACE',''
  ) );
#541 = PCURVE('',#542,#547);
#542 = PLANE('',#543);
#543 = AXIS2_PLACEMENT_3D('',#544,#545,#546);
#544 = CARTESIAN_POINT('',(4.,164.5,258.8));
#545 = DIRECTION('',(1.,0.,-0.));
#546 = DIRECTION('',(0.,0.,1.));
#547 = DEFINITIONAL_REPRESENTATION('',(#548),#551);
#548 = B_SPLINE_CURVE_WITH_KNOTS('',1,(#549,#550),.UNSPECIFIED.,.F.,.F.,
  (2,2),(80.25,84.25),.PIECEWISE_BEZIER_KNOTS.);
#549 = CARTESIAN_POINT('',(1.,0.));
#550 = CARTESIAN_POINT('',(1.,-4.));
#551 = ( GEOMETRIC_REPRESENTATION_CONTEXT(2) 
PARAMETRIC_REPRESENTATION_CONTEXT() REPRESENTATION_CONTEXT('2D SPACE',''
  ) );
#552 = ORIENTED_EDGE('',*,*,#553,.F.);
#553 = EDGE_CURVE('',#554,#527,#556,.T.);
#554 = VERTEX_POINT('',#555);
#555 = CARTESIAN_POINT('',(34.,168.5,259.8));
#556 = SURFACE_CURVE('',#557,(#561,#568),.PCURVE_S1.);
#557 = LINE('',#558,#559);
#558 = CARTESIAN_POINT('',(3.5,168.5,259.8));
#559 = VECTOR('',#560,1.);
#560 = DIRECTION('',(-1.,-0.,0.));
#561 = PCURVE('',#44,#562);
#562 = DEFINITIONAL_REPRESENTATION('',(#563),#567);
#563 = LINE('',#564,#565);
#564 = CARTESIAN_POINT('',(0.5,164.5));
#565 = VECTOR('',#566,1.);
#566 = DIRECTION('',(-1.,0.));
#567 = ( GEOMETRIC_REPRESENTATION_CONTEXT(2) 
PARAMETRIC_REPRESENTATION_CONTEXT() REPRESENTATION_CONTEXT('2D SPACE',''
  ) );
#568 = PCURVE('',#569,#574);
#569 = PLANE('',#570);
#570 = AXIS2_PLACEMENT_3D('',#571,#572,#573);
#571 = CARTESIAN_POINT('',(4.,168.5,258.8));
#572 = DIRECTION('',(-0.,1.,0.));
#573 = DIRECTION('',(0.,0.,1.));
#574 = DEFINITIONAL_REPRESENTATION('',(#575),#578);
#575 = B_SPLINE_CURVE_WITH_KNOTS('',1,(#576,#577),.UNSPECIFIED.,.F.,.F.,
  (2,2),(-30.5,-0.5),.PIECEWISE_BEZIER_KNOTS.);
#576 = CARTESIAN_POINT('',(1.,30.));
#577 = CARTESIAN_POINT('',(1.,0.));
#578 = ( GEOMETRIC_REPRESENTATION_CONTEXT(2) 
PARAMETRIC_REPRESENTATION_CONTEXT() REPRESENTATION_CONTEXT('2D SPACE',''
  ) );
#579 = ORIENTED_EDGE('',*,*,#580,.F.);
#580 = EDGE_CURVE('',#498,#554,#581,.T.);
#581 = SURFACE_CURVE('',#582,(#586,#593),.PCURVE_S1.);
#582 = LINE('',#583,#584);
#583 = CARTESIAN_POINT('',(34.,84.25,259.8));
#584 = VECTOR('',#585,1.);
#585 = DIRECTION('',(-0.,1.,0.));
#586 = PCURVE('',#44,#587);
#587 = DEFINITIONAL_REPRESENTATION('',(#588),#592);
#588 = LINE('',#589,#590);
#589 = CARTESIAN_POINT('',(31.,80.25));
#590 = VECTOR('',#591,1.);
#591 = DIRECTION('',(0.,1.));
#592 = ( GEOMETRIC_REPRESENTATION_CONTEXT(2) 
PARAMETRIC_REPRESENTATION_CONTEXT() REPRESENTATION_CONTEXT('2D SPACE',''
  ) );
#593 = PCURVE('',#594,#599);
#594 = PLANE('',#595);
#595 = AXIS2_PLACEMENT_3D('',#596,#597,#598);
#596 = CARTESIAN_POINT('',(34.,164.5,258.8));
#597 = DIRECTION('',(1.,0.,-0.));
#598 = DIRECTION('',(0.,0.,1.));
#599 = DEFINITIONAL_REPRESENTATION('',(#600),#603);
#600 = B_SPLINE_CURVE_WITH_KNOTS('',1,(#601,#602),.UNSPECIFIED.,.F.,.F.,
  (2,2),(80.25,84.25),.PIECEWISE_BEZIER_KNOTS.);
#601 = CARTESIAN_POINT('',(1.,0.));
#602 = CARTESIAN_POINT('',(1.,-4.));
#603 = ( GEOMETRIC_REPRESENTATION_CONTEXT(2) 
PARAMETRIC_REPRESENTATION_CONTEXT() REPRESENTATION_CONTEXT('2D SPACE',''
  ) );
#604 = FACE_BOUND('',#605,.T.);
#605 = EDGE_LOOP('',(#606,#635,#662,#689));
#606 = ORIENTED_EDGE('',*,*,#607,.T.);
#607 = EDGE_CURVE('',#608,#610,#612,.T.);
#608 = VERTEX_POINT('',#609);
#609 = CARTESIAN_POINT('',(154.,164.5,259.8));
#610 = VERTEX_POINT('',#611);
#611 = CARTESIAN_POINT('',(124.,164.5,259.8));
#612 = SURFACE_CURVE('',#613,(#617,#624),.PCURVE_S1.);
#613 = LINE('',#614,#615);
#614 = CARTESIAN_POINT('',(63.5,164.5,259.8));
#615 = VECTOR('',#616,1.);
#616 = DIRECTION('',(-1.,-0.,0.));
#617 = PCURVE('',#44,#618);
#618 = DEFINITIONAL_REPRESENTATION('',(#619),#623);
#619 = LINE('',#620,#621);
#620 = CARTESIAN_POINT('',(60.5,160.5));
#621 = VECTOR('',#622,1.);
#622 = DIRECTION('',(-1.,0.));
#623 = ( GEOMETRIC_REPRESENTATION_CONTEXT(2) 
PARAMETRIC_REPRESENTATION_CONTEXT() REPRESENTATION_CONTEXT('2D SPACE',''
  ) );
#624 = PCURVE('',#625,#630);
#625 = PLANE('',#626);
#626 = AXIS2_PLACEMENT_3D('',#627,#628,#629);
#627 = CARTESIAN_POINT('',(124.,164.5,258.8));
#628 = DIRECTION('',(-0.,1.,0.));
#629 = DIRECTION('',(0.,0.,1.));
#630 = DEFINITIONAL_REPRESENTATION('',(#631),#634);
#631 = B_SPLINE_CURVE_WITH_KNOTS('',1,(#632,#633),.UNSPECIFIED.,.F.,.F.,
  (2,2),(-90.5,-60.5),.PIECEWISE_BEZIER_KNOTS.);
#632 = CARTESIAN_POINT('',(1.,30.));
#633 = CARTESIAN_POINT('',(1.,0.));
#634 = ( GEOMETRIC_REPRESENTATION_CONTEXT(2) 
PARAMETRIC_REPRESENTATION_CONTEXT() REPRESENTATION_CONTEXT('2D SPACE',''
  ) );
#635 = ORIENTED_EDGE('',*,*,#636,.T.);
#636 = EDGE_CURVE('',#610,#637,#639,.T.);
#637 = VERTEX_POINT('',#638);
#638 = CARTESIAN_POINT('',(124.,168.5,259.8));
#639 = SURFACE_CURVE('',#640,(#644,#651),.PCURVE_S1.);
#640 = LINE('',#641,#642);
#641 = CARTESIAN_POINT('',(124.,84.25,259.8));
#642 = VECTOR('',#643,1.);
#643 = DIRECTION('',(-0.,1.,0.));
#644 = PCURVE('',#44,#645);
#645 = DEFINITIONAL_REPRESENTATION('',(#646),#650);
#646 = LINE('',#647,#648);
#647 = CARTESIAN_POINT('',(121.,80.25));
#648 = VECTOR('',#649,1.);
#649 = DIRECTION('',(0.,1.));
#650 = ( GEOMETRIC_REPRESENTATION_CONTEXT(2) 
PARAMETRIC_REPRESENTATION_CONTEXT() REPRESENTATION_CONTEXT('2D SPACE',''
  ) );
#651 = PCURVE('',#652,#657);
#652 = PLANE('',#653);
#653 = AXIS2_PLACEMENT_3D('',#654,#655,#656);
#654 = CARTESIAN_POINT('',(124.,164.5,258.8));
#655 = DIRECTION('',(1.,0.,-0.));
#656 = DIRECTION('',(0.,0.,1.));
#657 = DEFINITIONAL_REPRESENTATION('',(#658),#661);
#658 = B_SPLINE_CURVE_WITH_KNOTS('',1,(#659,#660),.UNSPECIFIED.,.F.,.F.,
  (2,2),(80.25,84.25),.PIECEWISE_BEZIER_KNOTS.);
#659 = CARTESIAN_POINT('',(1.,0.));
#660 = CARTESIAN_POINT('',(1.,-4.));
#661 = ( GEOMETRIC_REPRESENTATION_CONTEXT(2) 
PARAMETRIC_REPRESENTATION_CONTEXT() REPRESENTATION_CONTEXT('2D SPACE',''
  ) );
#662 = ORIENTED_EDGE('',*,*,#663,.F.);
#663 = EDGE_CURVE('',#664,#637,#666,.T.);
#664 = VERTEX_POINT('',#665);
#665 = CARTESIAN_POINT('',(154.,168.5,259.8));
#666 = SURFACE_CURVE('',#667,(#671,#678),.PCURVE_S1.);
#667 = LINE('',#668,#669);
#668 = CARTESIAN_POINT('',(63.5,168.5,259.8));
#669 = VECTOR('',#670,1.);
#670 = DIRECTION('',(-1.,-0.,0.));
#671 = PCURVE('',#44,#672);
#672 = DEFINITIONAL_REPRESENTATION('',(#673),#677);
#673 = LINE('',#674,#675);
#674 = CARTESIAN_POINT('',(60.5,164.5));
#675 = VECTOR('',#676,1.);
#676 = DIRECTION('',(-1.,0.));
#677 = ( GEOMETRIC_REPRESENTATION_CONTEXT(2) 
PARAMETRIC_REPRESENTATION_CONTEXT() REPRESENTATION_CONTEXT('2D SPACE',''
  ) );
#678 = PCURVE('',#679,#684);
#679 = PLANE('',#680);
#680 = AXIS2_PLACEMENT_3D('',#681,#682,#683);
#681 = CARTESIAN_POINT('',(124.,168.5,258.8));
#682 = DIRECTION('',(-0.,1.,0.));
#683 = DIRECTION('',(0.,0.,1.));
#684 = DEFINITIONAL_REPRESENTATION('',(#685),#688);
#685 = B_SPLINE_CURVE_WITH_KNOTS('',1,(#686,#687),.UNSPECIFIED.,.F.,.F.,
  (2,2),(-90.5,-60.5),.PIECEWISE_BEZIER_KNOTS.);
#686 = CARTESIAN_POINT('',(1.,30.));
#687 = CARTESIAN_POINT('',(1.,0.));
#688 = ( GEOMETRIC_REPRESENTATION_CONTEXT(2) 
PARAMETRIC_REPRESENTATION_CONTEXT() REPRESENTATION_CONTEXT('2D SPACE',''
  ) );
#689 = ORIENTED_EDGE('',*,*,#690,.F.);
#690 = EDGE_CURVE('',#608,#664,#691,.T.);
#691 = SURFACE_CURVE('',#692,(#696,#703),.PCURVE_S1.);
#692 = LINE('',#693,#694);
#693 = CARTESIAN_POINT('',(154.,84.25,259.8));
#694 = VECTOR('',#695,1.);
#695 = DIRECTION('',(-0.,1.,0.));
#696 = PCURVE('',#44,#697);
#697 = DEFINITIONAL_REPRESENTATION('',(#698),#702);
#698 = LINE('',#699,#700);
#699 = CARTESIAN_POINT('',(151.,80.25));
#700 = VECTOR('',#701,1.);
#701 = DIRECTION('',(0.,1.));
#702 = ( GEOMETRIC_REPRESENTATION_CONTEXT(2) 
PARAMETRIC_REPRESENTATION_CONTEXT() REPRESENTATION_CONTEXT('2D SPACE',''
  ) );
#703 = PCURVE('',#704,#709);
#704 = PLANE('',#705);
#705 = AXIS2_PLACEMENT_3D('',#706,#707,#708);
#706 = CARTESIAN_POINT('',(154.,164.5,258.8));
#707 = DIRECTION('',(1.,0.,-0.));
#708 = DIRECTION('',(0.,0.,1.));
#709 = DEFINITIONAL_REPRESENTATION('',(#710),#713);
#710 = B_SPLINE_CURVE_WITH_KNOTS('',1,(#711,#712),.UNSPECIFIED.,.F.,.F.,
  (2,2),(80.25,84.25),.PIECEWISE_BEZIER_KNOTS.);
#711 = CARTESIAN_POINT('',(1.,0.));
#712 = CARTESIAN_POINT('',(1.,-4.));
#713 = ( GEOMETRIC_REPRESENTATION_CONTEXT(2) 
PARAMETRIC_REPRESENTATION_CONTEXT() REPRESENTATION_CONTEXT('2D SPACE',''
  ) );
#714 = ADVANCED_FACE('',(#715,#870,#901),#72,.F.);
#715 = FACE_BOUND('',#716,.F.);
#716 = EDGE_LOOP('',(#717,#740,#741,#742,#765,#788,#816,#844));
#717 = ORIENTED_EDGE('',*,*,#718,.F.);
#718 = EDGE_CURVE('',#57,#719,#721,.T.);
#719 = VERTEX_POINT('',#720);
#720 = CARTESIAN_POINT('',(30.,4.,255.8));
#721 = SURFACE_CURVE('',#722,(#726,#733),.PCURVE_S1.);
#722 = LINE('',#723,#724);
#723 = CARTESIAN_POINT('',(3.,4.,255.8));
#724 = VECTOR('',#725,1.);
#725 = DIRECTION('',(1.,0.,-0.));
#726 = PCURVE('',#72,#727);
#727 = DEFINITIONAL_REPRESENTATION('',(#728),#732);
#728 = LINE('',#729,#730);
#729 = CARTESIAN_POINT('',(0.,0.));
#730 = VECTOR('',#731,1.);
#731 = DIRECTION('',(0.,1.));
#732 = ( GEOMETRIC_REPRESENTATION_CONTEXT(2) 
PARAMETRIC_REPRESENTATION_CONTEXT() REPRESENTATION_CONTEXT('2D SPACE',''
  ) );
#733 = PCURVE('',#100,#734);
#734 = DEFINITIONAL_REPRESENTATION('',(#735),#739);
#735 = LINE('',#736,#737);
#736 = CARTESIAN_POINT('',(0.,0.));
#737 = VECTOR('',#738,1.);
#738 = DIRECTION('',(1.,0.));
#739 = ( GEOMETRIC_REPRESENTATION_CONTEXT(2) 
PARAMETRIC_REPRESENTATION_CONTEXT() REPRESENTATION_CONTEXT('2D SPACE',''
  ) );
#740 = ORIENTED_EDGE('',*,*,#56,.T.);
#741 = ORIENTED_EDGE('',*,*,#311,.T.);
#742 = ORIENTED_EDGE('',*,*,#743,.F.);
#743 = EDGE_CURVE('',#744,#312,#746,.T.);
#744 = VERTEX_POINT('',#745);
#745 = CARTESIAN_POINT('',(154.5,4.,255.8));
#746 = SURFACE_CURVE('',#747,(#751,#758),.PCURVE_S1.);
#747 = LINE('',#748,#749);
#748 = CARTESIAN_POINT('',(154.5,4.,255.8));
#749 = VECTOR('',#750,1.);
#750 = DIRECTION('',(0.,0.,1.));
#751 = PCURVE('',#72,#752);
#752 = DEFINITIONAL_REPRESENTATION('',(#753),#757);
#753 = LINE('',#754,#755);
#754 = CARTESIAN_POINT('',(0.,151.5));
#755 = VECTOR('',#756,1.);
#756 = DIRECTION('',(1.,0.));
#757 = ( GEOMETRIC_REPRESENTATION_CONTEXT(2) 
PARAMETRIC_REPRESENTATION_CONTEXT() REPRESENTATION_CONTEXT('2D SPACE',''
  ) );
#758 = PCURVE('',#350,#759);
#759 = DEFINITIONAL_REPRESENTATION('',(#760),#764);
#760 = LINE('',#761,#762);
#761 = CARTESIAN_POINT('',(0.,0.));
#762 = VECTOR('',#763,1.);
#763 = DIRECTION('',(1.,0.));
#764 = ( GEOMETRIC_REPRESENTATION_CONTEXT(2) 
PARAMETRIC_REPRESENTATION_CONTEXT() REPRESENTATION_CONTEXT('2D SPACE',''
  ) );
#765 = ORIENTED_EDGE('',*,*,#766,.F.);
#766 = EDGE_CURVE('',#767,#744,#769,.T.);
#767 = VERTEX_POINT('',#768);
#768 = CARTESIAN_POINT('',(130.,4.,255.8));
#769 = SURFACE_CURVE('',#770,(#774,#781),.PCURVE_S1.);
#770 = LINE('',#771,#772);
#771 = CARTESIAN_POINT('',(3.,4.,255.8));
#772 = VECTOR('',#773,1.);
#773 = DIRECTION('',(1.,0.,-0.));
#774 = PCURVE('',#72,#775);
#775 = DEFINITIONAL_REPRESENTATION('',(#776),#780);
#776 = LINE('',#777,#778);
#777 = CARTESIAN_POINT('',(0.,0.));
#778 = VECTOR('',#779,1.);
#779 = DIRECTION('',(0.,1.));
#780 = ( GEOMETRIC_REPRESENTATION_CONTEXT(2) 
PARAMETRIC_REPRESENTATION_CONTEXT() REPRESENTATION_CONTEXT('2D SPACE',''
  ) );
#781 = PCURVE('',#100,#782);
#782 = DEFINITIONAL_REPRESENTATION('',(#783),#787);
#783 = LINE('',#784,#785);
#784 = CARTESIAN_POINT('',(0.,0.));
#785 = VECTOR('',#786,1.);
#786 = DIRECTION('',(1.,0.));
#787 = ( GEOMETRIC_REPRESENTATION_CONTEXT(2) 
PARAMETRIC_REPRESENTATION_CONTEXT() REPRESENTATION_CONTEXT('2D SPACE',''
  ) );
#788 = ORIENTED_EDGE('',*,*,#789,.F.);
#789 = EDGE_CURVE('',#790,#767,#792,.T.);
#790 = VERTEX_POINT('',#791);
#791 = CARTESIAN_POINT('',(130.,4.,235.8));
#792 = SURFACE_CURVE('',#793,(#797,#804),.PCURVE_S1.);
#793 = LINE('',#794,#795);
#794 = CARTESIAN_POINT('',(130.,4.,235.8));
#795 = VECTOR('',#796,1.);
#796 = DIRECTION('',(0.,0.,1.));
#797 = PCURVE('',#72,#798);
#798 = DEFINITIONAL_REPRESENTATION('',(#799),#803);
#799 = LINE('',#800,#801);
#800 = CARTESIAN_POINT('',(-20.,127.));
#801 = VECTOR('',#802,1.);
#802 = DIRECTION('',(1.,0.));
#803 = ( GEOMETRIC_REPRESENTATION_CONTEXT(2) 
PARAMETRIC_REPRESENTATION_CONTEXT() REPRESENTATION_CONTEXT('2D SPACE',''
  ) );
#804 = PCURVE('',#805,#810);
#805 = PLANE('',#806);
#806 = AXIS2_PLACEMENT_3D('',#807,#808,#809);
#807 = CARTESIAN_POINT('',(130.,4.,235.8));
#808 = DIRECTION('',(1.,0.,-0.));
#809 = DIRECTION('',(0.,0.,1.));
#810 = DEFINITIONAL_REPRESENTATION('',(#811),#815);
#811 = LINE('',#812,#813);
#812 = CARTESIAN_POINT('',(0.,0.));
#813 = VECTOR('',#814,1.);
#814 = DIRECTION('',(1.,0.));
#815 = ( GEOMETRIC_REPRESENTATION_CONTEXT(2) 
PARAMETRIC_REPRESENTATION_CONTEXT() REPRESENTATION_CONTEXT('2D SPACE',''
  ) );
#816 = ORIENTED_EDGE('',*,*,#817,.F.);
#817 = EDGE_CURVE('',#818,#790,#820,.T.);
#818 = VERTEX_POINT('',#819);
#819 = CARTESIAN_POINT('',(30.,4.,235.8));
#820 = SURFACE_CURVE('',#821,(#825,#832),.PCURVE_S1.);
#821 = LINE('',#822,#823);
#822 = CARTESIAN_POINT('',(30.,4.,235.8));
#823 = VECTOR('',#824,1.);
#824 = DIRECTION('',(1.,0.,-0.));
#825 = PCURVE('',#72,#826);
#826 = DEFINITIONAL_REPRESENTATION('',(#827),#831);
#827 = LINE('',#828,#829);
#828 = CARTESIAN_POINT('',(-20.,27.));
#829 = VECTOR('',#830,1.);
#830 = DIRECTION('',(0.,1.));
#831 = ( GEOMETRIC_REPRESENTATION_CONTEXT(2) 
PARAMETRIC_REPRESENTATION_CONTEXT() REPRESENTATION_CONTEXT('2D SPACE',''
  ) );
#832 = PCURVE('',#833,#838);
#833 = PLANE('',#834);
#834 = AXIS2_PLACEMENT_3D('',#835,#836,#837);
#835 = CARTESIAN_POINT('',(30.,4.,235.8));
#836 = DIRECTION('',(0.,0.,1.));
#837 = DIRECTION('',(1.,0.,-0.));
#838 = DEFINITIONAL_REPRESENTATION('',(#839),#843);
#839 = LINE('',#840,#841);
#840 = CARTESIAN_POINT('',(0.,0.));
#841 = VECTOR('',#842,1.);
#842 = DIRECTION('',(1.,0.));
#843 = ( GEOMETRIC_REPRESENTATION_CONTEXT(2) 
PARAMETRIC_REPRESENTATION_CONTEXT() REPRESENTATION_CONTEXT('2D SPACE',''
  ) );
#844 = ORIENTED_EDGE('',*,*,#845,.T.);
#845 = EDGE_CURVE('',#818,#719,#846,.T.);
#846 = SURFACE_CURVE('',#847,(#851,#858),.PCURVE_S1.);
#847 = LINE('',#848,#849);
#848 = CARTESIAN_POINT('',(30.,4.,235.8));
#849 = VECTOR('',#850,1.);
#850 = DIRECTION('',(0.,0.,1.));
#851 = PCURVE('',#72,#852);
#852 = DEFINITIONAL_REPRESENTATION('',(#853),#857);
#853 = LINE('',#854,#855);
#854 = CARTESIAN_POINT('',(-20.,27.));
#855 = VECTOR('',#856,1.);
#856 = DIRECTION('',(1.,0.));
#857 = ( GEOMETRIC_REPRESENTATION_CONTEXT(2) 
PARAMETRIC_REPRESENTATION_CONTEXT() REPRESENTATION_CONTEXT('2D SPACE',''
  ) );
#858 = PCURVE('',#859,#864);
#859 = PLANE('',#860);
#860 = AXIS2_PLACEMENT_3D('',#861,#862,#863);
#861 = CARTESIAN_POINT('',(30.,4.,235.8));
#862 = DIRECTION('',(1.,0.,-0.));
#863 = DIRECTION('',(0.,0.,1.));
#864 = DEFINITIONAL_REPRESENTATION('',(#865),#869);
#865 = LINE('',#866,#867);
#866 = CARTESIAN_POINT('',(0.,0.));
#867 = VECTOR('',#868,1.);
#868 = DIRECTION('',(1.,0.));
#869 = ( GEOMETRIC_REPRESENTATION_CONTEXT(2) 
PARAMETRIC_REPRESENTATION_CONTEXT() REPRESENTATION_CONTEXT('2D SPACE',''
  ) );
#870 = FACE_BOUND('',#871,.F.);
#871 = EDGE_LOOP('',(#872));
#872 = ORIENTED_EDGE('',*,*,#873,.F.);
#873 = EDGE_CURVE('',#874,#874,#876,.T.);
#874 = VERTEX_POINT('',#875);
#875 = CARTESIAN_POINT('',(52.2,4.,245.8));
#876 = SURFACE_CURVE('',#877,(#882,#889),.PCURVE_S1.);
#877 = CIRCLE('',#878,2.2);
#878 = AXIS2_PLACEMENT_3D('',#879,#880,#881);
#879 = CARTESIAN_POINT('',(50.,4.,245.8));
#880 = DIRECTION('',(0.,1.,2.22044604925E-16));
#881 = DIRECTION('',(1.,0.,-0.));
#882 = PCURVE('',#72,#883);
#883 = DEFINITIONAL_REPRESENTATION('',(#884),#888);
#884 = CIRCLE('',#885,2.2);
#885 = AXIS2_PLACEMENT_2D('',#886,#887);
#886 = CARTESIAN_POINT('',(-10.,47.));
#887 = DIRECTION('',(0.,1.));
#888 = ( GEOMETRIC_REPRESENTATION_CONTEXT(2) 
PARAMETRIC_REPRESENTATION_CONTEXT() REPRESENTATION_CONTEXT('2D SPACE',''
  ) );
#889 = PCURVE('',#890,#895);
#890 = CYLINDRICAL_SURFACE('',#891,2.2);
#891 = AXIS2_PLACEMENT_3D('',#892,#893,#894);
#892 = CARTESIAN_POINT('',(50.,3.,245.8));
#893 = DIRECTION('',(0.,1.,2.22044604925E-16));
#894 = DIRECTION('',(1.,0.,-0.));
#895 = DEFINITIONAL_REPRESENTATION('',(#896),#900);
#896 = LINE('',#897,#898);
#897 = CARTESIAN_POINT('',(0.,1.));
#898 = VECTOR('',#899,1.);
#899 = DIRECTION('',(1.,0.));
#900 = ( GEOMETRIC_REPRESENTATION_CONTEXT(2) 
PARAMETRIC_REPRESENTATION_CONTEXT() REPRESENTATION_CONTEXT('2D SPACE',''
  ) );
#901 = FACE_BOUND('',#902,.F.);
#902 = EDGE_LOOP('',(#903));
#903 = ORIENTED_EDGE('',*,*,#904,.F.);
#904 = EDGE_CURVE('',#905,#905,#907,.T.);
#905 = VERTEX_POINT('',#906);
#906 = CARTESIAN_POINT('',(112.2,4.,245.8));
#907 = SURFACE_CURVE('',#908,(#913,#920),.PCURVE_S1.);
#908 = CIRCLE('',#909,2.2);
#909 = AXIS2_PLACEMENT_3D('',#910,#911,#912);
#910 = CARTESIAN_POINT('',(110.,4.,245.8));
#911 = DIRECTION('',(0.,1.,2.22044604925E-16));
#912 = DIRECTION('',(1.,0.,-0.));
#913 = PCURVE('',#72,#914);
#914 = DEFINITIONAL_REPRESENTATION('',(#915),#919);
#915 = CIRCLE('',#916,2.2);
#916 = AXIS2_PLACEMENT_2D('',#917,#918);
#917 = CARTESIAN_POINT('',(-10.,107.));
#918 = DIRECTION('',(0.,1.));
#919 = ( GEOMETRIC_REPRESENTATION_CONTEXT(2) 
PARAMETRIC_REPRESENTATION_CONTEXT() REPRESENTATION_CONTEXT('2D SPACE',''
  ) );
#920 = PCURVE('',#921,#926);
#921 = CYLINDRICAL_SURFACE('',#922,2.2);
#922 = AXIS2_PLACEMENT_3D('',#923,#924,#925);
#923 = CARTESIAN_POINT('',(110.,3.,245.8));
#924 = DIRECTION('',(0.,1.,2.22044604925E-16));
#925 = DIRECTION('',(1.,0.,-0.));
#926 = DEFINITIONAL_REPRESENTATION('',(#927),#931);
#927 = LINE('',#928,#929);
#928 = CARTESIAN_POINT('',(0.,1.));
#929 = VECTOR('',#930,1.);
#930 = DIRECTION('',(1.,0.));
#931 = ( GEOMETRIC_REPRESENTATION_CONTEXT(2) 
PARAMETRIC_REPRESENTATION_CONTEXT() REPRESENTATION_CONTEXT('2D SPACE',''
  ) );
#932 = ADVANCED_FACE('',(#933),#233,.T.);
#933 = FACE_BOUND('',#934,.T.);
#934 = EDGE_LOOP('',(#935,#958,#959,#960));
#935 = ORIENTED_EDGE('',*,*,#936,.F.);
#936 = EDGE_CURVE('',#197,#937,#939,.T.);
#937 = VERTEX_POINT('',#938);
#938 = CARTESIAN_POINT('',(154.5,174.,255.8));
#939 = SURFACE_CURVE('',#940,(#944,#951),.PCURVE_S1.);
#940 = LINE('',#941,#942);
#941 = CARTESIAN_POINT('',(3.,174.,255.8));
#942 = VECTOR('',#943,1.);
#943 = DIRECTION('',(1.,0.,-0.));
#944 = PCURVE('',#233,#945);
#945 = DEFINITIONAL_REPRESENTATION('',(#946),#950);
#946 = LINE('',#947,#948);
#947 = CARTESIAN_POINT('',(0.,0.));
#948 = VECTOR('',#949,1.);
#949 = DIRECTION('',(0.,1.));
#950 = ( GEOMETRIC_REPRESENTATION_CONTEXT(2) 
PARAMETRIC_REPRESENTATION_CONTEXT() REPRESENTATION_CONTEXT('2D SPACE',''
  ) );
#951 = PCURVE('',#100,#952);
#952 = DEFINITIONAL_REPRESENTATION('',(#953),#957);
#953 = LINE('',#954,#955);
#954 = CARTESIAN_POINT('',(0.,170.));
#955 = VECTOR('',#956,1.);
#956 = DIRECTION('',(1.,0.));
#957 = ( GEOMETRIC_REPRESENTATION_CONTEXT(2) 
PARAMETRIC_REPRESENTATION_CONTEXT() REPRESENTATION_CONTEXT('2D SPACE',''
  ) );
#958 = ORIENTED_EDGE('',*,*,#219,.T.);
#959 = ORIENTED_EDGE('',*,*,#474,.T.);
#960 = ORIENTED_EDGE('',*,*,#961,.F.);
#961 = EDGE_CURVE('',#937,#447,#962,.T.);
#962 = SURFACE_CURVE('',#963,(#967,#974),.PCURVE_S1.);
#963 = LINE('',#964,#965);
#964 = CARTESIAN_POINT('',(154.5,174.,255.8));
#965 = VECTOR('',#966,1.);
#966 = DIRECTION('',(0.,0.,1.));
#967 = PCURVE('',#233,#968);
#968 = DEFINITIONAL_REPRESENTATION('',(#969),#973);
#969 = LINE('',#970,#971);
#970 = CARTESIAN_POINT('',(0.,151.5));
#971 = VECTOR('',#972,1.);
#972 = DIRECTION('',(1.,0.));
#973 = ( GEOMETRIC_REPRESENTATION_CONTEXT(2) 
PARAMETRIC_REPRESENTATION_CONTEXT() REPRESENTATION_CONTEXT('2D SPACE',''
  ) );
#974 = PCURVE('',#462,#975);
#975 = DEFINITIONAL_REPRESENTATION('',(#976),#980);
#976 = LINE('',#977,#978);
#977 = CARTESIAN_POINT('',(0.,-170.));
#978 = VECTOR('',#979,1.);
#979 = DIRECTION('',(1.,0.));
#980 = ( GEOMETRIC_REPRESENTATION_CONTEXT(2) 
PARAMETRIC_REPRESENTATION_CONTEXT() REPRESENTATION_CONTEXT('2D SPACE',''
  ) );
#981 = ADVANCED_FACE('',(#982),#100,.F.);
#982 = FACE_BOUND('',#983,.F.);
#983 = EDGE_LOOP('',(#984,#985,#986,#1007,#1033,#1052,#1053,#1076,#1097,
    #1123,#1144,#1165,#1166,#1167,#1188,#1214));
#984 = ORIENTED_EDGE('',*,*,#84,.F.);
#985 = ORIENTED_EDGE('',*,*,#718,.T.);
#986 = ORIENTED_EDGE('',*,*,#987,.T.);
#987 = EDGE_CURVE('',#719,#988,#990,.T.);
#988 = VERTEX_POINT('',#989);
#989 = CARTESIAN_POINT('',(30.,10.,255.8));
#990 = SURFACE_CURVE('',#991,(#995,#1001),.PCURVE_S1.);
#991 = LINE('',#992,#993);
#992 = CARTESIAN_POINT('',(30.,4.,255.8));
#993 = VECTOR('',#994,1.);
#994 = DIRECTION('',(-0.,1.,0.));
#995 = PCURVE('',#100,#996);
#996 = DEFINITIONAL_REPRESENTATION('',(#997),#1000);
#997 = B_SPLINE_CURVE_WITH_KNOTS('',1,(#998,#999),.UNSPECIFIED.,.F.,.F.,
  (2,2),(0.,6.),.PIECEWISE_BEZIER_KNOTS.);
#998 = CARTESIAN_POINT('',(27.,0.));
#999 = CARTESIAN_POINT('',(27.,6.));
#1000 = ( GEOMETRIC_REPRESENTATION_CONTEXT(2) 
PARAMETRIC_REPRESENTATION_CONTEXT() REPRESENTATION_CONTEXT('2D SPACE',''
  ) );
#1001 = PCURVE('',#859,#1002);
#1002 = DEFINITIONAL_REPRESENTATION('',(#1003),#1006);
#1003 = B_SPLINE_CURVE_WITH_KNOTS('',1,(#1004,#1005),.UNSPECIFIED.,.F.,
  .F.,(2,2),(0.,6.),.PIECEWISE_BEZIER_KNOTS.);
#1004 = CARTESIAN_POINT('',(20.,0.));
#1005 = CARTESIAN_POINT('',(20.,-6.));
#1006 = ( GEOMETRIC_REPRESENTATION_CONTEXT(2) 
PARAMETRIC_REPRESENTATION_CONTEXT() REPRESENTATION_CONTEXT('2D SPACE',''
  ) );
#1007 = ORIENTED_EDGE('',*,*,#1008,.F.);
#1008 = EDGE_CURVE('',#1009,#988,#1011,.T.);
#1009 = VERTEX_POINT('',#1010);
#1010 = CARTESIAN_POINT('',(130.,10.,255.8));
#1011 = SURFACE_CURVE('',#1012,(#1016,#1022),.PCURVE_S1.);
#1012 = LINE('',#1013,#1014);
#1013 = CARTESIAN_POINT('',(16.5,10.,255.8));
#1014 = VECTOR('',#1015,1.);
#1015 = DIRECTION('',(-1.,-0.,0.));
#1016 = PCURVE('',#100,#1017);
#1017 = DEFINITIONAL_REPRESENTATION('',(#1018),#1021);
#1018 = B_SPLINE_CURVE_WITH_KNOTS('',1,(#1019,#1020),.UNSPECIFIED.,.F.,
  .F.,(2,2),(-113.5,-13.5),.PIECEWISE_BEZIER_KNOTS.);
#1019 = CARTESIAN_POINT('',(127.,6.));
#1020 = CARTESIAN_POINT('',(27.,6.));
#1021 = ( GEOMETRIC_REPRESENTATION_CONTEXT(2) 
PARAMETRIC_REPRESENTATION_CONTEXT() REPRESENTATION_CONTEXT('2D SPACE',''
  ) );
#1022 = PCURVE('',#1023,#1028);
#1023 = PLANE('',#1024);
#1024 = AXIS2_PLACEMENT_3D('',#1025,#1026,#1027);
#1025 = CARTESIAN_POINT('',(30.,10.,235.8));
#1026 = DIRECTION('',(-0.,1.,0.));
#1027 = DIRECTION('',(0.,0.,1.));
#1028 = DEFINITIONAL_REPRESENTATION('',(#1029),#1032);
#1029 = B_SPLINE_CURVE_WITH_KNOTS('',1,(#1030,#1031),.UNSPECIFIED.,.F.,
  .F.,(2,2),(-113.5,-13.5),.PIECEWISE_BEZIER_KNOTS.);
#1030 = CARTESIAN_POINT('',(20.,100.));
#1031 = CARTESIAN_POINT('',(20.,0.));
#1032 = ( GEOMETRIC_REPRESENTATION_CONTEXT(2) 
PARAMETRIC_REPRESENTATION_CONTEXT() REPRESENTATION_CONTEXT('2D SPACE',''
  ) );
#1033 = ORIENTED_EDGE('',*,*,#1034,.F.);
#1034 = EDGE_CURVE('',#767,#1009,#1035,.T.);
#1035 = SURFACE_CURVE('',#1036,(#1040,#1046),.PCURVE_S1.);
#1036 = LINE('',#1037,#1038);
#1037 = CARTESIAN_POINT('',(130.,4.,255.8));
#1038 = VECTOR('',#1039,1.);
#1039 = DIRECTION('',(-0.,1.,0.));
#1040 = PCURVE('',#100,#1041);
#1041 = DEFINITIONAL_REPRESENTATION('',(#1042),#1045);
#1042 = B_SPLINE_CURVE_WITH_KNOTS('',1,(#1043,#1044),.UNSPECIFIED.,.F.,
  .F.,(2,2),(0.,6.),.PIECEWISE_BEZIER_KNOTS.);
#1043 = CARTESIAN_POINT('',(127.,0.));
#1044 = CARTESIAN_POINT('',(127.,6.));
#1045 = ( GEOMETRIC_REPRESENTATION_CONTEXT(2) 
PARAMETRIC_REPRESENTATION_CONTEXT() REPRESENTATION_CONTEXT('2D SPACE',''
  ) );
#1046 = PCURVE('',#805,#1047);
#1047 = DEFINITIONAL_REPRESENTATION('',(#1048),#1051);
#1048 = B_SPLINE_CURVE_WITH_KNOTS('',1,(#1049,#1050),.UNSPECIFIED.,.F.,
  .F.,(2,2),(0.,6.),.PIECEWISE_BEZIER_KNOTS.);
#1049 = CARTESIAN_POINT('',(20.,0.));
#1050 = CARTESIAN_POINT('',(20.,-6.));
#1051 = ( GEOMETRIC_REPRESENTATION_CONTEXT(2) 
PARAMETRIC_REPRESENTATION_CONTEXT() REPRESENTATION_CONTEXT('2D SPACE',''
  ) );
#1052 = ORIENTED_EDGE('',*,*,#766,.T.);
#1053 = ORIENTED_EDGE('',*,*,#1054,.T.);
#1054 = EDGE_CURVE('',#744,#1055,#1057,.T.);
#1055 = VERTEX_POINT('',#1056);
#1056 = CARTESIAN_POINT('',(154.5,30.,255.8));
#1057 = SURFACE_CURVE('',#1058,(#1062,#1069),.PCURVE_S1.);
#1058 = LINE('',#1059,#1060);
#1059 = CARTESIAN_POINT('',(154.5,4.,255.8));
#1060 = VECTOR('',#1061,1.);
#1061 = DIRECTION('',(-0.,1.,0.));
#1062 = PCURVE('',#100,#1063);
#1063 = DEFINITIONAL_REPRESENTATION('',(#1064),#1068);
#1064 = LINE('',#1065,#1066);
#1065 = CARTESIAN_POINT('',(151.5,0.));
#1066 = VECTOR('',#1067,1.);
#1067 = DIRECTION('',(0.,1.));
#1068 = ( GEOMETRIC_REPRESENTATION_CONTEXT(2) 
PARAMETRIC_REPRESENTATION_CONTEXT() REPRESENTATION_CONTEXT('2D SPACE',''
  ) );
#1069 = PCURVE('',#350,#1070);
#1070 = DEFINITIONAL_REPRESENTATION('',(#1071),#1075);
#1071 = LINE('',#1072,#1073);
#1072 = CARTESIAN_POINT('',(0.,0.));
#1073 = VECTOR('',#1074,1.);
#1074 = DIRECTION('',(0.,-1.));
#1075 = ( GEOMETRIC_REPRESENTATION_CONTEXT(2) 
PARAMETRIC_REPRESENTATION_CONTEXT() REPRESENTATION_CONTEXT('2D SPACE',''
  ) );
#1076 = ORIENTED_EDGE('',*,*,#1077,.T.);
#1077 = EDGE_CURVE('',#1055,#1078,#1080,.T.);
#1078 = VERTEX_POINT('',#1079);
#1079 = CARTESIAN_POINT('',(152.,30.,255.8));
#1080 = SURFACE_CURVE('',#1081,(#1085,#1091),.PCURVE_S1.);
#1081 = LINE('',#1082,#1083);
#1082 = CARTESIAN_POINT('',(77.5,30.,255.8));
#1083 = VECTOR('',#1084,1.);
#1084 = DIRECTION('',(-1.,-0.,0.));
#1085 = PCURVE('',#100,#1086);
#1086 = DEFINITIONAL_REPRESENTATION('',(#1087),#1090);
#1087 = B_SPLINE_CURVE_WITH_KNOTS('',1,(#1088,#1089),.UNSPECIFIED.,.F.,
  .F.,(2,2),(-77.,-74.5),.PIECEWISE_BEZIER_KNOTS.);
#1088 = CARTESIAN_POINT('',(151.5,26.));
#1089 = CARTESIAN_POINT('',(149.,26.));
#1090 = ( GEOMETRIC_REPRESENTATION_CONTEXT(2) 
PARAMETRIC_REPRESENTATION_CONTEXT() REPRESENTATION_CONTEXT('2D SPACE',''
  ) );
#1091 = PCURVE('',#378,#1092);
#1092 = DEFINITIONAL_REPRESENTATION('',(#1093),#1096);
#1093 = B_SPLINE_CURVE_WITH_KNOTS('',1,(#1094,#1095),.UNSPECIFIED.,.F.,
  .F.,(2,2),(-77.,-74.5),.PIECEWISE_BEZIER_KNOTS.);
#1094 = CARTESIAN_POINT('',(20.,2.5));
#1095 = CARTESIAN_POINT('',(20.,0.));
#1096 = ( GEOMETRIC_REPRESENTATION_CONTEXT(2) 
PARAMETRIC_REPRESENTATION_CONTEXT() REPRESENTATION_CONTEXT('2D SPACE',''
  ) );
#1097 = ORIENTED_EDGE('',*,*,#1098,.T.);
#1098 = EDGE_CURVE('',#1078,#1099,#1101,.T.);
#1099 = VERTEX_POINT('',#1100);
#1100 = CARTESIAN_POINT('',(152.,150.,255.8));
#1101 = SURFACE_CURVE('',#1102,(#1106,#1112),.PCURVE_S1.);
#1102 = LINE('',#1103,#1104);
#1103 = CARTESIAN_POINT('',(152.,17.,255.8));
#1104 = VECTOR('',#1105,1.);
#1105 = DIRECTION('',(-0.,1.,0.));
#1106 = PCURVE('',#100,#1107);
#1107 = DEFINITIONAL_REPRESENTATION('',(#1108),#1111);
#1108 = B_SPLINE_CURVE_WITH_KNOTS('',1,(#1109,#1110),.UNSPECIFIED.,.F.,
  .F.,(2,2),(13.,133.),.PIECEWISE_BEZIER_KNOTS.);
#1109 = CARTESIAN_POINT('',(149.,26.));
#1110 = CARTESIAN_POINT('',(149.,146.));
#1111 = ( GEOMETRIC_REPRESENTATION_CONTEXT(2) 
PARAMETRIC_REPRESENTATION_CONTEXT() REPRESENTATION_CONTEXT('2D SPACE',''
  ) );
#1112 = PCURVE('',#1113,#1118);
#1113 = PLANE('',#1114);
#1114 = AXIS2_PLACEMENT_3D('',#1115,#1116,#1117);
#1115 = CARTESIAN_POINT('',(152.,30.,235.8));
#1116 = DIRECTION('',(1.,0.,-0.));
#1117 = DIRECTION('',(0.,0.,1.));
#1118 = DEFINITIONAL_REPRESENTATION('',(#1119),#1122);
#1119 = B_SPLINE_CURVE_WITH_KNOTS('',1,(#1120,#1121),.UNSPECIFIED.,.F.,
  .F.,(2,2),(13.,133.),.PIECEWISE_BEZIER_KNOTS.);
#1120 = CARTESIAN_POINT('',(20.,0.));
#1121 = CARTESIAN_POINT('',(20.,-120.));
#1122 = ( GEOMETRIC_REPRESENTATION_CONTEXT(2) 
PARAMETRIC_REPRESENTATION_CONTEXT() REPRESENTATION_CONTEXT('2D SPACE',''
  ) );
#1123 = ORIENTED_EDGE('',*,*,#1124,.F.);
#1124 = EDGE_CURVE('',#1125,#1099,#1127,.T.);
#1125 = VERTEX_POINT('',#1126);
#1126 = CARTESIAN_POINT('',(154.5,150.,255.8));
#1127 = SURFACE_CURVE('',#1128,(#1132,#1138),.PCURVE_S1.);
#1128 = LINE('',#1129,#1130);
#1129 = CARTESIAN_POINT('',(77.5,150.,255.8));
#1130 = VECTOR('',#1131,1.);
#1131 = DIRECTION('',(-1.,-0.,0.));
#1132 = PCURVE('',#100,#1133);
#1133 = DEFINITIONAL_REPRESENTATION('',(#1134),#1137);
#1134 = B_SPLINE_CURVE_WITH_KNOTS('',1,(#1135,#1136),.UNSPECIFIED.,.F.,
  .F.,(2,2),(-77.,-74.5),.PIECEWISE_BEZIER_KNOTS.);
#1135 = CARTESIAN_POINT('',(151.5,146.));
#1136 = CARTESIAN_POINT('',(149.,146.));
#1137 = ( GEOMETRIC_REPRESENTATION_CONTEXT(2) 
PARAMETRIC_REPRESENTATION_CONTEXT() REPRESENTATION_CONTEXT('2D SPACE',''
  ) );
#1138 = PCURVE('',#434,#1139);
#1139 = DEFINITIONAL_REPRESENTATION('',(#1140),#1143);
#1140 = B_SPLINE_CURVE_WITH_KNOTS('',1,(#1141,#1142),.UNSPECIFIED.,.F.,
  .F.,(2,2),(-77.,-74.5),.PIECEWISE_BEZIER_KNOTS.);
#1141 = CARTESIAN_POINT('',(20.,2.5));
#1142 = CARTESIAN_POINT('',(20.,0.));
#1143 = ( GEOMETRIC_REPRESENTATION_CONTEXT(2) 
PARAMETRIC_REPRESENTATION_CONTEXT() REPRESENTATION_CONTEXT('2D SPACE',''
  ) );
#1144 = ORIENTED_EDGE('',*,*,#1145,.T.);
#1145 = EDGE_CURVE('',#1125,#937,#1146,.T.);
#1146 = SURFACE_CURVE('',#1147,(#1151,#1158),.PCURVE_S1.);
#1147 = LINE('',#1148,#1149);
#1148 = CARTESIAN_POINT('',(154.5,4.,255.8));
#1149 = VECTOR('',#1150,1.);
#1150 = DIRECTION('',(-0.,1.,0.));
#1151 = PCURVE('',#100,#1152);
#1152 = DEFINITIONAL_REPRESENTATION('',(#1153),#1157);
#1153 = LINE('',#1154,#1155);
#1154 = CARTESIAN_POINT('',(151.5,0.));
#1155 = VECTOR('',#1156,1.);
#1156 = DIRECTION('',(0.,1.));
#1157 = ( GEOMETRIC_REPRESENTATION_CONTEXT(2) 
PARAMETRIC_REPRESENTATION_CONTEXT() REPRESENTATION_CONTEXT('2D SPACE',''
  ) );
#1158 = PCURVE('',#462,#1159);
#1159 = DEFINITIONAL_REPRESENTATION('',(#1160),#1164);
#1160 = LINE('',#1161,#1162);
#1161 = CARTESIAN_POINT('',(0.,0.));
#1162 = VECTOR('',#1163,1.);
#1163 = DIRECTION('',(0.,-1.));
#1164 = ( GEOMETRIC_REPRESENTATION_CONTEXT(2) 
PARAMETRIC_REPRESENTATION_CONTEXT() REPRESENTATION_CONTEXT('2D SPACE',''
  ) );
#1165 = ORIENTED_EDGE('',*,*,#936,.F.);
#1166 = ORIENTED_EDGE('',*,*,#196,.F.);
#1167 = ORIENTED_EDGE('',*,*,#1168,.F.);
#1168 = EDGE_CURVE('',#1169,#169,#1171,.T.);
#1169 = VERTEX_POINT('',#1170);
#1170 = CARTESIAN_POINT('',(7.,150.,255.8));
#1171 = SURFACE_CURVE('',#1172,(#1176,#1182),.PCURVE_S1.);
#1172 = LINE('',#1173,#1174);
#1173 = CARTESIAN_POINT('',(3.,150.,255.8));
#1174 = VECTOR('',#1175,1.);
#1175 = DIRECTION('',(-1.,-0.,0.));
#1176 = PCURVE('',#100,#1177);
#1177 = DEFINITIONAL_REPRESENTATION('',(#1178),#1181);
#1178 = B_SPLINE_CURVE_WITH_KNOTS('',1,(#1179,#1180),.UNSPECIFIED.,.F.,
  .F.,(2,2),(-4.,0.),.PIECEWISE_BEZIER_KNOTS.);
#1179 = CARTESIAN_POINT('',(4.,146.));
#1180 = CARTESIAN_POINT('',(0.,146.));
#1181 = ( GEOMETRIC_REPRESENTATION_CONTEXT(2) 
PARAMETRIC_REPRESENTATION_CONTEXT() REPRESENTATION_CONTEXT('2D SPACE',''
  ) );
#1182 = PCURVE('',#184,#1183);
#1183 = DEFINITIONAL_REPRESENTATION('',(#1184),#1187);
#1184 = B_SPLINE_CURVE_WITH_KNOTS('',1,(#1185,#1186),.UNSPECIFIED.,.F.,
  .F.,(2,2),(-4.,0.),.PIECEWISE_BEZIER_KNOTS.);
#1185 = CARTESIAN_POINT('',(20.,4.));
#1186 = CARTESIAN_POINT('',(20.,0.));
#1187 = ( GEOMETRIC_REPRESENTATION_CONTEXT(2) 
PARAMETRIC_REPRESENTATION_CONTEXT() REPRESENTATION_CONTEXT('2D SPACE',''
  ) );
#1188 = ORIENTED_EDGE('',*,*,#1189,.F.);
#1189 = EDGE_CURVE('',#1190,#1169,#1192,.T.);
#1190 = VERTEX_POINT('',#1191);
#1191 = CARTESIAN_POINT('',(7.,30.,255.8));
#1192 = SURFACE_CURVE('',#1193,(#1197,#1203),.PCURVE_S1.);
#1193 = LINE('',#1194,#1195);
#1194 = CARTESIAN_POINT('',(7.,17.,255.8));
#1195 = VECTOR('',#1196,1.);
#1196 = DIRECTION('',(-0.,1.,0.));
#1197 = PCURVE('',#100,#1198);
#1198 = DEFINITIONAL_REPRESENTATION('',(#1199),#1202);
#1199 = B_SPLINE_CURVE_WITH_KNOTS('',1,(#1200,#1201),.UNSPECIFIED.,.F.,
  .F.,(2,2),(13.,133.),.PIECEWISE_BEZIER_KNOTS.);
#1200 = CARTESIAN_POINT('',(4.,26.));
#1201 = CARTESIAN_POINT('',(4.,146.));
#1202 = ( GEOMETRIC_REPRESENTATION_CONTEXT(2) 
PARAMETRIC_REPRESENTATION_CONTEXT() REPRESENTATION_CONTEXT('2D SPACE',''
  ) );
#1203 = PCURVE('',#1204,#1209);
#1204 = PLANE('',#1205);
#1205 = AXIS2_PLACEMENT_3D('',#1206,#1207,#1208);
#1206 = CARTESIAN_POINT('',(7.,30.,235.8));
#1207 = DIRECTION('',(1.,0.,-0.));
#1208 = DIRECTION('',(0.,0.,1.));
#1209 = DEFINITIONAL_REPRESENTATION('',(#1210),#1213);
#1210 = B_SPLINE_CURVE_WITH_KNOTS('',1,(#1211,#1212),.UNSPECIFIED.,.F.,
  .F.,(2,2),(13.,133.),.PIECEWISE_BEZIER_KNOTS.);
#1211 = CARTESIAN_POINT('',(20.,0.));
#1212 = CARTESIAN_POINT('',(20.,-120.));
#1213 = ( GEOMETRIC_REPRESENTATION_CONTEXT(2) 
PARAMETRIC_REPRESENTATION_CONTEXT() REPRESENTATION_CONTEXT('2D SPACE',''
  ) );
#1214 = ORIENTED_EDGE('',*,*,#1215,.T.);
#1215 = EDGE_CURVE('',#1190,#85,#1216,.T.);
#1216 = SURFACE_CURVE('',#1217,(#1221,#1227),.PCURVE_S1.);
#1217 = LINE('',#1218,#1219);
#1218 = CARTESIAN_POINT('',(3.,30.,255.8));
#1219 = VECTOR('',#1220,1.);
#1220 = DIRECTION('',(-1.,-0.,0.));
#1221 = PCURVE('',#100,#1222);
#1222 = DEFINITIONAL_REPRESENTATION('',(#1223),#1226);
#1223 = B_SPLINE_CURVE_WITH_KNOTS('',1,(#1224,#1225),.UNSPECIFIED.,.F.,
  .F.,(2,2),(-4.,0.),.PIECEWISE_BEZIER_KNOTS.);
#1224 = CARTESIAN_POINT('',(4.,26.));
#1225 = CARTESIAN_POINT('',(0.,26.));
#1226 = ( GEOMETRIC_REPRESENTATION_CONTEXT(2) 
PARAMETRIC_REPRESENTATION_CONTEXT() REPRESENTATION_CONTEXT('2D SPACE',''
  ) );
#1227 = PCURVE('',#128,#1228);
#1228 = DEFINITIONAL_REPRESENTATION('',(#1229),#1232);
#1229 = B_SPLINE_CURVE_WITH_KNOTS('',1,(#1230,#1231),.UNSPECIFIED.,.F.,
  .F.,(2,2),(-4.,0.),.PIECEWISE_BEZIER_KNOTS.);
#1230 = CARTESIAN_POINT('',(20.,4.));
#1231 = CARTESIAN_POINT('',(20.,0.));
#1232 = ( GEOMETRIC_REPRESENTATION_CONTEXT(2) 
PARAMETRIC_REPRESENTATION_CONTEXT() REPRESENTATION_CONTEXT('2D SPACE',''
  ) );
#1233 = ADVANCED_FACE('',(#1234),#128,.F.);
#1234 = FACE_BOUND('',#1235,.F.);
#1235 = EDGE_LOOP('',(#1236,#1259,#1280,#1281));
#1236 = ORIENTED_EDGE('',*,*,#1237,.F.);
#1237 = EDGE_CURVE('',#1238,#1190,#1240,.T.);
#1238 = VERTEX_POINT('',#1239);
#1239 = CARTESIAN_POINT('',(7.,30.,235.8));
#1240 = SURFACE_CURVE('',#1241,(#1245,#1252),.PCURVE_S1.);
#1241 = LINE('',#1242,#1243);
#1242 = CARTESIAN_POINT('',(7.,30.,235.8));
#1243 = VECTOR('',#1244,1.);
#1244 = DIRECTION('',(0.,0.,1.));
#1245 = PCURVE('',#128,#1246);
#1246 = DEFINITIONAL_REPRESENTATION('',(#1247),#1251);
#1247 = LINE('',#1248,#1249);
#1248 = CARTESIAN_POINT('',(0.,4.));
#1249 = VECTOR('',#1250,1.);
#1250 = DIRECTION('',(1.,0.));
#1251 = ( GEOMETRIC_REPRESENTATION_CONTEXT(2) 
PARAMETRIC_REPRESENTATION_CONTEXT() REPRESENTATION_CONTEXT('2D SPACE',''
  ) );
#1252 = PCURVE('',#1204,#1253);
#1253 = DEFINITIONAL_REPRESENTATION('',(#1254),#1258);
#1254 = LINE('',#1255,#1256);
#1255 = CARTESIAN_POINT('',(0.,0.));
#1256 = VECTOR('',#1257,1.);
#1257 = DIRECTION('',(1.,0.));
#1258 = ( GEOMETRIC_REPRESENTATION_CONTEXT(2) 
PARAMETRIC_REPRESENTATION_CONTEXT() REPRESENTATION_CONTEXT('2D SPACE',''
  ) );
#1259 = ORIENTED_EDGE('',*,*,#1260,.F.);
#1260 = EDGE_CURVE('',#113,#1238,#1261,.T.);
#1261 = SURFACE_CURVE('',#1262,(#1266,#1273),.PCURVE_S1.);
#1262 = LINE('',#1263,#1264);
#1263 = CARTESIAN_POINT('',(3.,30.,235.8));
#1264 = VECTOR('',#1265,1.);
#1265 = DIRECTION('',(1.,0.,-0.));
#1266 = PCURVE('',#128,#1267);
#1267 = DEFINITIONAL_REPRESENTATION('',(#1268),#1272);
#1268 = LINE('',#1269,#1270);
#1269 = CARTESIAN_POINT('',(0.,0.));
#1270 = VECTOR('',#1271,1.);
#1271 = DIRECTION('',(0.,1.));
#1272 = ( GEOMETRIC_REPRESENTATION_CONTEXT(2) 
PARAMETRIC_REPRESENTATION_CONTEXT() REPRESENTATION_CONTEXT('2D SPACE',''
  ) );
#1273 = PCURVE('',#156,#1274);
#1274 = DEFINITIONAL_REPRESENTATION('',(#1275),#1279);
#1275 = LINE('',#1276,#1277);
#1276 = CARTESIAN_POINT('',(0.,0.));
#1277 = VECTOR('',#1278,1.);
#1278 = DIRECTION('',(1.,0.));
#1279 = ( GEOMETRIC_REPRESENTATION_CONTEXT(2) 
PARAMETRIC_REPRESENTATION_CONTEXT() REPRESENTATION_CONTEXT('2D SPACE',''
  ) );
#1280 = ORIENTED_EDGE('',*,*,#112,.T.);
#1281 = ORIENTED_EDGE('',*,*,#1215,.F.);
#1282 = ADVANCED_FACE('',(#1283),#184,.T.);
#1283 = FACE_BOUND('',#1284,.T.);
#1284 = EDGE_LOOP('',(#1285,#1308,#1329,#1330));
#1285 = ORIENTED_EDGE('',*,*,#1286,.F.);
#1286 = EDGE_CURVE('',#1287,#1169,#1289,.T.);
#1287 = VERTEX_POINT('',#1288);
#1288 = CARTESIAN_POINT('',(7.,150.,235.8));
#1289 = SURFACE_CURVE('',#1290,(#1294,#1301),.PCURVE_S1.);
#1290 = LINE('',#1291,#1292);
#1291 = CARTESIAN_POINT('',(7.,150.,235.8));
#1292 = VECTOR('',#1293,1.);
#1293 = DIRECTION('',(0.,0.,1.));
#1294 = PCURVE('',#184,#1295);
#1295 = DEFINITIONAL_REPRESENTATION('',(#1296),#1300);
#1296 = LINE('',#1297,#1298);
#1297 = CARTESIAN_POINT('',(0.,4.));
#1298 = VECTOR('',#1299,1.);
#1299 = DIRECTION('',(1.,0.));
#1300 = ( GEOMETRIC_REPRESENTATION_CONTEXT(2) 
PARAMETRIC_REPRESENTATION_CONTEXT() REPRESENTATION_CONTEXT('2D SPACE',''
  ) );
#1301 = PCURVE('',#1204,#1302);
#1302 = DEFINITIONAL_REPRESENTATION('',(#1303),#1307);
#1303 = LINE('',#1304,#1305);
#1304 = CARTESIAN_POINT('',(0.,-120.));
#1305 = VECTOR('',#1306,1.);
#1306 = DIRECTION('',(1.,0.));
#1307 = ( GEOMETRIC_REPRESENTATION_CONTEXT(2) 
PARAMETRIC_REPRESENTATION_CONTEXT() REPRESENTATION_CONTEXT('2D SPACE',''
  ) );
#1308 = ORIENTED_EDGE('',*,*,#1309,.F.);
#1309 = EDGE_CURVE('',#141,#1287,#1310,.T.);
#1310 = SURFACE_CURVE('',#1311,(#1315,#1322),.PCURVE_S1.);
#1311 = LINE('',#1312,#1313);
#1312 = CARTESIAN_POINT('',(3.,150.,235.8));
#1313 = VECTOR('',#1314,1.);
#1314 = DIRECTION('',(1.,0.,-0.));
#1315 = PCURVE('',#184,#1316);
#1316 = DEFINITIONAL_REPRESENTATION('',(#1317),#1321);
#1317 = LINE('',#1318,#1319);
#1318 = CARTESIAN_POINT('',(0.,0.));
#1319 = VECTOR('',#1320,1.);
#1320 = DIRECTION('',(0.,1.));
#1321 = ( GEOMETRIC_REPRESENTATION_CONTEXT(2) 
PARAMETRIC_REPRESENTATION_CONTEXT() REPRESENTATION_CONTEXT('2D SPACE',''
  ) );
#1322 = PCURVE('',#156,#1323);
#1323 = DEFINITIONAL_REPRESENTATION('',(#1324),#1328);
#1324 = LINE('',#1325,#1326);
#1325 = CARTESIAN_POINT('',(0.,120.));
#1326 = VECTOR('',#1327,1.);
#1327 = DIRECTION('',(1.,0.));
#1328 = ( GEOMETRIC_REPRESENTATION_CONTEXT(2) 
PARAMETRIC_REPRESENTATION_CONTEXT() REPRESENTATION_CONTEXT('2D SPACE',''
  ) );
#1329 = ORIENTED_EDGE('',*,*,#168,.T.);
#1330 = ORIENTED_EDGE('',*,*,#1168,.F.);
#1331 = ADVANCED_FACE('',(#1332),#156,.F.);
#1332 = FACE_BOUND('',#1333,.F.);
#1333 = EDGE_LOOP('',(#1334,#1335,#1336,#1357));
#1334 = ORIENTED_EDGE('',*,*,#140,.F.);
#1335 = ORIENTED_EDGE('',*,*,#1260,.T.);
#1336 = ORIENTED_EDGE('',*,*,#1337,.T.);
#1337 = EDGE_CURVE('',#1238,#1287,#1338,.T.);
#1338 = SURFACE_CURVE('',#1339,(#1343,#1350),.PCURVE_S1.);
#1339 = LINE('',#1340,#1341);
#1340 = CARTESIAN_POINT('',(7.,30.,235.8));
#1341 = VECTOR('',#1342,1.);
#1342 = DIRECTION('',(-0.,1.,0.));
#1343 = PCURVE('',#156,#1344);
#1344 = DEFINITIONAL_REPRESENTATION('',(#1345),#1349);
#1345 = LINE('',#1346,#1347);
#1346 = CARTESIAN_POINT('',(4.,0.));
#1347 = VECTOR('',#1348,1.);
#1348 = DIRECTION('',(0.,1.));
#1349 = ( GEOMETRIC_REPRESENTATION_CONTEXT(2) 
PARAMETRIC_REPRESENTATION_CONTEXT() REPRESENTATION_CONTEXT('2D SPACE',''
  ) );
#1350 = PCURVE('',#1204,#1351);
#1351 = DEFINITIONAL_REPRESENTATION('',(#1352),#1356);
#1352 = LINE('',#1353,#1354);
#1353 = CARTESIAN_POINT('',(0.,0.));
#1354 = VECTOR('',#1355,1.);
#1355 = DIRECTION('',(0.,-1.));
#1356 = ( GEOMETRIC_REPRESENTATION_CONTEXT(2) 
PARAMETRIC_REPRESENTATION_CONTEXT() REPRESENTATION_CONTEXT('2D SPACE',''
  ) );
#1357 = ORIENTED_EDGE('',*,*,#1309,.F.);
#1358 = ADVANCED_FACE('',(#1359),#264,.F.);
#1359 = FACE_BOUND('',#1360,.F.);
#1360 = EDGE_LOOP('',(#1361,#1385,#1406,#1407));
#1361 = ORIENTED_EDGE('',*,*,#1362,.F.);
#1362 = EDGE_CURVE('',#1363,#1363,#1365,.T.);
#1363 = VERTEX_POINT('',#1364);
#1364 = CARTESIAN_POINT('',(7.,120.,243.6));
#1365 = SURFACE_CURVE('',#1366,(#1371,#1378),.PCURVE_S1.);
#1366 = CIRCLE('',#1367,2.2);
#1367 = AXIS2_PLACEMENT_3D('',#1368,#1369,#1370);
#1368 = CARTESIAN_POINT('',(7.,120.,245.8));
#1369 = DIRECTION('',(1.,0.,2.22044604925E-16));
#1370 = DIRECTION('',(2.22044604925E-16,0.,-1.));
#1371 = PCURVE('',#264,#1372);
#1372 = DEFINITIONAL_REPRESENTATION('',(#1373),#1377);
#1373 = LINE('',#1374,#1375);
#1374 = CARTESIAN_POINT('',(0.,5.));
#1375 = VECTOR('',#1376,1.);
#1376 = DIRECTION('',(1.,0.));
#1377 = ( GEOMETRIC_REPRESENTATION_CONTEXT(2) 
PARAMETRIC_REPRESENTATION_CONTEXT() REPRESENTATION_CONTEXT('2D SPACE',''
  ) );
#1378 = PCURVE('',#1204,#1379);
#1379 = DEFINITIONAL_REPRESENTATION('',(#1380),#1384);
#1380 = CIRCLE('',#1381,2.2);
#1381 = AXIS2_PLACEMENT_2D('',#1382,#1383);
#1382 = CARTESIAN_POINT('',(10.,-90.));
#1383 = DIRECTION('',(-1.,0.));
#1384 = ( GEOMETRIC_REPRESENTATION_CONTEXT(2) 
PARAMETRIC_REPRESENTATION_CONTEXT() REPRESENTATION_CONTEXT('2D SPACE',''
  ) );
#1385 = ORIENTED_EDGE('',*,*,#1386,.F.);
#1386 = EDGE_CURVE('',#248,#1363,#1387,.T.);
#1387 = SEAM_CURVE('',#1388,(#1392,#1399),.PCURVE_S1.);
#1388 = LINE('',#1389,#1390);
#1389 = CARTESIAN_POINT('',(2.,120.,243.6));
#1390 = VECTOR('',#1391,1.);
#1391 = DIRECTION('',(1.,0.,2.22044604925E-16));
#1392 = PCURVE('',#264,#1393);
#1393 = DEFINITIONAL_REPRESENTATION('',(#1394),#1398);
#1394 = LINE('',#1395,#1396);
#1395 = CARTESIAN_POINT('',(6.28318530718,-0.));
#1396 = VECTOR('',#1397,1.);
#1397 = DIRECTION('',(0.,1.));
#1398 = ( GEOMETRIC_REPRESENTATION_CONTEXT(2) 
PARAMETRIC_REPRESENTATION_CONTEXT() REPRESENTATION_CONTEXT('2D SPACE',''
  ) );
#1399 = PCURVE('',#264,#1400);
#1400 = DEFINITIONAL_REPRESENTATION('',(#1401),#1405);
#1401 = LINE('',#1402,#1403);
#1402 = CARTESIAN_POINT('',(0.,-0.));
#1403 = VECTOR('',#1404,1.);
#1404 = DIRECTION('',(0.,1.));
#1405 = ( GEOMETRIC_REPRESENTATION_CONTEXT(2) 
PARAMETRIC_REPRESENTATION_CONTEXT() REPRESENTATION_CONTEXT('2D SPACE',''
  ) );
#1406 = ORIENTED_EDGE('',*,*,#247,.T.);
#1407 = ORIENTED_EDGE('',*,*,#1386,.T.);
#1408 = ADVANCED_FACE('',(#1409),#295,.F.);
#1409 = FACE_BOUND('',#1410,.F.);
#1410 = EDGE_LOOP('',(#1411,#1435,#1456,#1457));
#1411 = ORIENTED_EDGE('',*,*,#1412,.F.);
#1412 = EDGE_CURVE('',#1413,#1413,#1415,.T.);
#1413 = VERTEX_POINT('',#1414);
#1414 = CARTESIAN_POINT('',(7.,60.,243.6));
#1415 = SURFACE_CURVE('',#1416,(#1421,#1428),.PCURVE_S1.);
#1416 = CIRCLE('',#1417,2.2);
#1417 = AXIS2_PLACEMENT_3D('',#1418,#1419,#1420);
#1418 = CARTESIAN_POINT('',(7.,60.,245.8));
#1419 = DIRECTION('',(1.,0.,2.22044604925E-16));
#1420 = DIRECTION('',(2.22044604925E-16,0.,-1.));
#1421 = PCURVE('',#295,#1422);
#1422 = DEFINITIONAL_REPRESENTATION('',(#1423),#1427);
#1423 = LINE('',#1424,#1425);
#1424 = CARTESIAN_POINT('',(0.,5.));
#1425 = VECTOR('',#1426,1.);
#1426 = DIRECTION('',(1.,0.));
#1427 = ( GEOMETRIC_REPRESENTATION_CONTEXT(2) 
PARAMETRIC_REPRESENTATION_CONTEXT() REPRESENTATION_CONTEXT('2D SPACE',''
  ) );
#1428 = PCURVE('',#1204,#1429);
#1429 = DEFINITIONAL_REPRESENTATION('',(#1430),#1434);
#1430 = CIRCLE('',#1431,2.2);
#1431 = AXIS2_PLACEMENT_2D('',#1432,#1433);
#1432 = CARTESIAN_POINT('',(10.,-30.));
#1433 = DIRECTION('',(-1.,0.));
#1434 = ( GEOMETRIC_REPRESENTATION_CONTEXT(2) 
PARAMETRIC_REPRESENTATION_CONTEXT() REPRESENTATION_CONTEXT('2D SPACE',''
  ) );
#1435 = ORIENTED_EDGE('',*,*,#1436,.F.);
#1436 = EDGE_CURVE('',#279,#1413,#1437,.T.);
#1437 = SEAM_CURVE('',#1438,(#1442,#1449),.PCURVE_S1.);
#1438 = LINE('',#1439,#1440);
#1439 = CARTESIAN_POINT('',(2.,60.,243.6));
#1440 = VECTOR('',#1441,1.);
#1441 = DIRECTION('',(1.,0.,2.22044604925E-16));
#1442 = PCURVE('',#295,#1443);
#1443 = DEFINITIONAL_REPRESENTATION('',(#1444),#1448);
#1444 = LINE('',#1445,#1446);
#1445 = CARTESIAN_POINT('',(6.28318530718,-0.));
#1446 = VECTOR('',#1447,1.);
#1447 = DIRECTION('',(0.,1.));
#1448 = ( GEOMETRIC_REPRESENTATION_CONTEXT(2) 
PARAMETRIC_REPRESENTATION_CONTEXT() REPRESENTATION_CONTEXT('2D SPACE',''
  ) );
#1449 = PCURVE('',#295,#1450);
#1450 = DEFINITIONAL_REPRESENTATION('',(#1451),#1455);
#1451 = LINE('',#1452,#1453);
#1452 = CARTESIAN_POINT('',(0.,-0.));
#1453 = VECTOR('',#1454,1.);
#1454 = DIRECTION('',(0.,1.));
#1455 = ( GEOMETRIC_REPRESENTATION_CONTEXT(2) 
PARAMETRIC_REPRESENTATION_CONTEXT() REPRESENTATION_CONTEXT('2D SPACE',''
  ) );
#1456 = ORIENTED_EDGE('',*,*,#278,.T.);
#1457 = ORIENTED_EDGE('',*,*,#1436,.T.);
#1458 = ADVANCED_FACE('',(#1459),#350,.T.);
#1459 = FACE_BOUND('',#1460,.T.);
#1460 = EDGE_LOOP('',(#1461,#1462,#1463,#1464));
#1461 = ORIENTED_EDGE('',*,*,#334,.F.);
#1462 = ORIENTED_EDGE('',*,*,#743,.F.);
#1463 = ORIENTED_EDGE('',*,*,#1054,.T.);
#1464 = ORIENTED_EDGE('',*,*,#1465,.T.);
#1465 = EDGE_CURVE('',#1055,#335,#1466,.T.);
#1466 = SURFACE_CURVE('',#1467,(#1471,#1477),.PCURVE_S1.);
#1467 = LINE('',#1468,#1469);
#1468 = CARTESIAN_POINT('',(154.5,30.,245.8));
#1469 = VECTOR('',#1470,1.);
#1470 = DIRECTION('',(0.,0.,1.));
#1471 = PCURVE('',#350,#1472);
#1472 = DEFINITIONAL_REPRESENTATION('',(#1473),#1476);
#1473 = B_SPLINE_CURVE_WITH_KNOTS('',1,(#1474,#1475),.UNSPECIFIED.,.F.,
  .F.,(2,2),(10.,14.),.PIECEWISE_BEZIER_KNOTS.);
#1474 = CARTESIAN_POINT('',(0.,-26.));
#1475 = CARTESIAN_POINT('',(4.,-26.));
#1476 = ( GEOMETRIC_REPRESENTATION_CONTEXT(2) 
PARAMETRIC_REPRESENTATION_CONTEXT() REPRESENTATION_CONTEXT('2D SPACE',''
  ) );
#1477 = PCURVE('',#378,#1478);
#1478 = DEFINITIONAL_REPRESENTATION('',(#1479),#1482);
#1479 = B_SPLINE_CURVE_WITH_KNOTS('',1,(#1480,#1481),.UNSPECIFIED.,.F.,
  .F.,(2,2),(10.,14.),.PIECEWISE_BEZIER_KNOTS.);
#1480 = CARTESIAN_POINT('',(20.,2.5));
#1481 = CARTESIAN_POINT('',(24.,2.5));
#1482 = ( GEOMETRIC_REPRESENTATION_CONTEXT(2) 
PARAMETRIC_REPRESENTATION_CONTEXT() REPRESENTATION_CONTEXT('2D SPACE',''
  ) );
#1483 = ADVANCED_FACE('',(#1484),#378,.F.);
#1484 = FACE_BOUND('',#1485,.F.);
#1485 = EDGE_LOOP('',(#1486,#1509,#1537,#1558,#1559,#1560));
#1486 = ORIENTED_EDGE('',*,*,#1487,.F.);
#1487 = EDGE_CURVE('',#1488,#363,#1490,.T.);
#1488 = VERTEX_POINT('',#1489);
#1489 = CARTESIAN_POINT('',(156.,30.,235.8));
#1490 = SURFACE_CURVE('',#1491,(#1495,#1502),.PCURVE_S1.);
#1491 = LINE('',#1492,#1493);
#1492 = CARTESIAN_POINT('',(156.,30.,235.8));
#1493 = VECTOR('',#1494,1.);
#1494 = DIRECTION('',(0.,0.,1.));
#1495 = PCURVE('',#378,#1496);
#1496 = DEFINITIONAL_REPRESENTATION('',(#1497),#1501);
#1497 = LINE('',#1498,#1499);
#1498 = CARTESIAN_POINT('',(0.,4.));
#1499 = VECTOR('',#1500,1.);
#1500 = DIRECTION('',(1.,0.));
#1501 = ( GEOMETRIC_REPRESENTATION_CONTEXT(2) 
PARAMETRIC_REPRESENTATION_CONTEXT() REPRESENTATION_CONTEXT('2D SPACE',''
  ) );
#1502 = PCURVE('',#406,#1503);
#1503 = DEFINITIONAL_REPRESENTATION('',(#1504),#1508);
#1504 = LINE('',#1505,#1506);
#1505 = CARTESIAN_POINT('',(0.,0.));
#1506 = VECTOR('',#1507,1.);
#1507 = DIRECTION('',(1.,0.));
#1508 = ( GEOMETRIC_REPRESENTATION_CONTEXT(2) 
PARAMETRIC_REPRESENTATION_CONTEXT() REPRESENTATION_CONTEXT('2D SPACE',''
  ) );
#1509 = ORIENTED_EDGE('',*,*,#1510,.F.);
#1510 = EDGE_CURVE('',#1511,#1488,#1513,.T.);
#1511 = VERTEX_POINT('',#1512);
#1512 = CARTESIAN_POINT('',(152.,30.,235.8));
#1513 = SURFACE_CURVE('',#1514,(#1518,#1525),.PCURVE_S1.);
#1514 = LINE('',#1515,#1516);
#1515 = CARTESIAN_POINT('',(152.,30.,235.8));
#1516 = VECTOR('',#1517,1.);
#1517 = DIRECTION('',(1.,0.,-0.));
#1518 = PCURVE('',#378,#1519);
#1519 = DEFINITIONAL_REPRESENTATION('',(#1520),#1524);
#1520 = LINE('',#1521,#1522);
#1521 = CARTESIAN_POINT('',(0.,0.));
#1522 = VECTOR('',#1523,1.);
#1523 = DIRECTION('',(0.,1.));
#1524 = ( GEOMETRIC_REPRESENTATION_CONTEXT(2) 
PARAMETRIC_REPRESENTATION_CONTEXT() REPRESENTATION_CONTEXT('2D SPACE',''
  ) );
#1525 = PCURVE('',#1526,#1531);
#1526 = PLANE('',#1527);
#1527 = AXIS2_PLACEMENT_3D('',#1528,#1529,#1530);
#1528 = CARTESIAN_POINT('',(152.,30.,235.8));
#1529 = DIRECTION('',(0.,0.,1.));
#1530 = DIRECTION('',(1.,0.,-0.));
#1531 = DEFINITIONAL_REPRESENTATION('',(#1532),#1536);
#1532 = LINE('',#1533,#1534);
#1533 = CARTESIAN_POINT('',(0.,0.));
#1534 = VECTOR('',#1535,1.);
#1535 = DIRECTION('',(1.,0.));
#1536 = ( GEOMETRIC_REPRESENTATION_CONTEXT(2) 
PARAMETRIC_REPRESENTATION_CONTEXT() REPRESENTATION_CONTEXT('2D SPACE',''
  ) );
#1537 = ORIENTED_EDGE('',*,*,#1538,.T.);
#1538 = EDGE_CURVE('',#1511,#1078,#1539,.T.);
#1539 = SURFACE_CURVE('',#1540,(#1544,#1551),.PCURVE_S1.);
#1540 = LINE('',#1541,#1542);
#1541 = CARTESIAN_POINT('',(152.,30.,235.8));
#1542 = VECTOR('',#1543,1.);
#1543 = DIRECTION('',(0.,0.,1.));
#1544 = PCURVE('',#378,#1545);
#1545 = DEFINITIONAL_REPRESENTATION('',(#1546),#1550);
#1546 = LINE('',#1547,#1548);
#1547 = CARTESIAN_POINT('',(0.,0.));
#1548 = VECTOR('',#1549,1.);
#1549 = DIRECTION('',(1.,0.));
#1550 = ( GEOMETRIC_REPRESENTATION_CONTEXT(2) 
PARAMETRIC_REPRESENTATION_CONTEXT() REPRESENTATION_CONTEXT('2D SPACE',''
  ) );
#1551 = PCURVE('',#1113,#1552);
#1552 = DEFINITIONAL_REPRESENTATION('',(#1553),#1557);
#1553 = LINE('',#1554,#1555);
#1554 = CARTESIAN_POINT('',(0.,0.));
#1555 = VECTOR('',#1556,1.);
#1556 = DIRECTION('',(1.,0.));
#1557 = ( GEOMETRIC_REPRESENTATION_CONTEXT(2) 
PARAMETRIC_REPRESENTATION_CONTEXT() REPRESENTATION_CONTEXT('2D SPACE',''
  ) );
#1558 = ORIENTED_EDGE('',*,*,#1077,.F.);
#1559 = ORIENTED_EDGE('',*,*,#1465,.T.);
#1560 = ORIENTED_EDGE('',*,*,#362,.T.);
#1561 = ADVANCED_FACE('',(#1562,#1610,#1641),#406,.T.);
#1562 = FACE_BOUND('',#1563,.T.);
#1563 = EDGE_LOOP('',(#1564,#1565,#1588,#1609));
#1564 = ORIENTED_EDGE('',*,*,#1487,.F.);
#1565 = ORIENTED_EDGE('',*,*,#1566,.T.);
#1566 = EDGE_CURVE('',#1488,#1567,#1569,.T.);
#1567 = VERTEX_POINT('',#1568);
#1568 = CARTESIAN_POINT('',(156.,150.,235.8));
#1569 = SURFACE_CURVE('',#1570,(#1574,#1581),.PCURVE_S1.);
#1570 = LINE('',#1571,#1572);
#1571 = CARTESIAN_POINT('',(156.,30.,235.8));
#1572 = VECTOR('',#1573,1.);
#1573 = DIRECTION('',(-0.,1.,0.));
#1574 = PCURVE('',#406,#1575);
#1575 = DEFINITIONAL_REPRESENTATION('',(#1576),#1580);
#1576 = LINE('',#1577,#1578);
#1577 = CARTESIAN_POINT('',(0.,0.));
#1578 = VECTOR('',#1579,1.);
#1579 = DIRECTION('',(0.,-1.));
#1580 = ( GEOMETRIC_REPRESENTATION_CONTEXT(2) 
PARAMETRIC_REPRESENTATION_CONTEXT() REPRESENTATION_CONTEXT('2D SPACE',''
  ) );
#1581 = PCURVE('',#1526,#1582);
#1582 = DEFINITIONAL_REPRESENTATION('',(#1583),#1587);
#1583 = LINE('',#1584,#1585);
#1584 = CARTESIAN_POINT('',(4.,0.));
#1585 = VECTOR('',#1586,1.);
#1586 = DIRECTION('',(0.,1.));
#1587 = ( GEOMETRIC_REPRESENTATION_CONTEXT(2) 
PARAMETRIC_REPRESENTATION_CONTEXT() REPRESENTATION_CONTEXT('2D SPACE',''
  ) );
#1588 = ORIENTED_EDGE('',*,*,#1589,.T.);
#1589 = EDGE_CURVE('',#1567,#391,#1590,.T.);
#1590 = SURFACE_CURVE('',#1591,(#1595,#1602),.PCURVE_S1.);
#1591 = LINE('',#1592,#1593);
#1592 = CARTESIAN_POINT('',(156.,150.,235.8));
#1593 = VECTOR('',#1594,1.);
#1594 = DIRECTION('',(0.,0.,1.));
#1595 = PCURVE('',#406,#1596);
#1596 = DEFINITIONAL_REPRESENTATION('',(#1597),#1601);
#1597 = LINE('',#1598,#1599);
#1598 = CARTESIAN_POINT('',(0.,-120.));
#1599 = VECTOR('',#1600,1.);
#1600 = DIRECTION('',(1.,0.));
#1601 = ( GEOMETRIC_REPRESENTATION_CONTEXT(2) 
PARAMETRIC_REPRESENTATION_CONTEXT() REPRESENTATION_CONTEXT('2D SPACE',''
  ) );
#1602 = PCURVE('',#434,#1603);
#1603 = DEFINITIONAL_REPRESENTATION('',(#1604),#1608);
#1604 = LINE('',#1605,#1606);
#1605 = CARTESIAN_POINT('',(0.,4.));
#1606 = VECTOR('',#1607,1.);
#1607 = DIRECTION('',(1.,0.));
#1608 = ( GEOMETRIC_REPRESENTATION_CONTEXT(2) 
PARAMETRIC_REPRESENTATION_CONTEXT() REPRESENTATION_CONTEXT('2D SPACE',''
  ) );
#1609 = ORIENTED_EDGE('',*,*,#390,.F.);
#1610 = FACE_BOUND('',#1611,.T.);
#1611 = EDGE_LOOP('',(#1612));
#1612 = ORIENTED_EDGE('',*,*,#1613,.F.);
#1613 = EDGE_CURVE('',#1614,#1614,#1616,.T.);
#1614 = VERTEX_POINT('',#1615);
#1615 = CARTESIAN_POINT('',(156.,120.,243.6));
#1616 = SURFACE_CURVE('',#1617,(#1622,#1629),.PCURVE_S1.);
#1617 = CIRCLE('',#1618,2.2);
#1618 = AXIS2_PLACEMENT_3D('',#1619,#1620,#1621);
#1619 = CARTESIAN_POINT('',(156.,120.,245.8));
#1620 = DIRECTION('',(1.,0.,2.22044604925E-16));
#1621 = DIRECTION('',(2.22044604925E-16,0.,-1.));
#1622 = PCURVE('',#406,#1623);
#1623 = DEFINITIONAL_REPRESENTATION('',(#1624),#1628);
#1624 = CIRCLE('',#1625,2.2);
#1625 = AXIS2_PLACEMENT_2D('',#1626,#1627);
#1626 = CARTESIAN_POINT('',(10.,-90.));
#1627 = DIRECTION('',(-1.,0.));
#1628 = ( GEOMETRIC_REPRESENTATION_CONTEXT(2) 
PARAMETRIC_REPRESENTATION_CONTEXT() REPRESENTATION_CONTEXT('2D SPACE',''
  ) );
#1629 = PCURVE('',#1630,#1635);
#1630 = CYLINDRICAL_SURFACE('',#1631,2.2);
#1631 = AXIS2_PLACEMENT_3D('',#1632,#1633,#1634);
#1632 = CARTESIAN_POINT('',(151.,120.,245.8));
#1633 = DIRECTION('',(1.,0.,2.22044604925E-16));
#1634 = DIRECTION('',(2.22044604925E-16,0.,-1.));
#1635 = DEFINITIONAL_REPRESENTATION('',(#1636),#1640);
#1636 = LINE('',#1637,#1638);
#1637 = CARTESIAN_POINT('',(0.,5.));
#1638 = VECTOR('',#1639,1.);
#1639 = DIRECTION('',(1.,0.));
#1640 = ( GEOMETRIC_REPRESENTATION_CONTEXT(2) 
PARAMETRIC_REPRESENTATION_CONTEXT() REPRESENTATION_CONTEXT('2D SPACE',''
  ) );
#1641 = FACE_BOUND('',#1642,.T.);
#1642 = EDGE_LOOP('',(#1643));
#1643 = ORIENTED_EDGE('',*,*,#1644,.F.);
#1644 = EDGE_CURVE('',#1645,#1645,#1647,.T.);
#1645 = VERTEX_POINT('',#1646);
#1646 = CARTESIAN_POINT('',(156.,60.,243.6));
#1647 = SURFACE_CURVE('',#1648,(#1653,#1660),.PCURVE_S1.);
#1648 = CIRCLE('',#1649,2.2);
#1649 = AXIS2_PLACEMENT_3D('',#1650,#1651,#1652);
#1650 = CARTESIAN_POINT('',(156.,60.,245.8));
#1651 = DIRECTION('',(1.,0.,2.22044604925E-16));
#1652 = DIRECTION('',(2.22044604925E-16,0.,-1.));
#1653 = PCURVE('',#406,#1654);
#1654 = DEFINITIONAL_REPRESENTATION('',(#1655),#1659);
#1655 = CIRCLE('',#1656,2.2);
#1656 = AXIS2_PLACEMENT_2D('',#1657,#1658);
#1657 = CARTESIAN_POINT('',(10.,-30.));
#1658 = DIRECTION('',(-1.,0.));
#1659 = ( GEOMETRIC_REPRESENTATION_CONTEXT(2) 
PARAMETRIC_REPRESENTATION_CONTEXT() REPRESENTATION_CONTEXT('2D SPACE',''
  ) );
#1660 = PCURVE('',#1661,#1666);
#1661 = CYLINDRICAL_SURFACE('',#1662,2.2);
#1662 = AXIS2_PLACEMENT_3D('',#1663,#1664,#1665);
#1663 = CARTESIAN_POINT('',(151.,60.,245.8));
#1664 = DIRECTION('',(1.,0.,2.22044604925E-16));
#1665 = DIRECTION('',(2.22044604925E-16,0.,-1.));
#1666 = DEFINITIONAL_REPRESENTATION('',(#1667),#1671);
#1667 = LINE('',#1668,#1669);
#1668 = CARTESIAN_POINT('',(0.,5.));
#1669 = VECTOR('',#1670,1.);
#1670 = DIRECTION('',(1.,0.));
#1671 = ( GEOMETRIC_REPRESENTATION_CONTEXT(2) 
PARAMETRIC_REPRESENTATION_CONTEXT() REPRESENTATION_CONTEXT('2D SPACE',''
  ) );
#1672 = ADVANCED_FACE('',(#1673),#434,.T.);
#1673 = FACE_BOUND('',#1674,.T.);
#1674 = EDGE_LOOP('',(#1675,#1676,#1699,#1720,#1721,#1740));
#1675 = ORIENTED_EDGE('',*,*,#1589,.F.);
#1676 = ORIENTED_EDGE('',*,*,#1677,.F.);
#1677 = EDGE_CURVE('',#1678,#1567,#1680,.T.);
#1678 = VERTEX_POINT('',#1679);
#1679 = CARTESIAN_POINT('',(152.,150.,235.8));
#1680 = SURFACE_CURVE('',#1681,(#1685,#1692),.PCURVE_S1.);
#1681 = LINE('',#1682,#1683);
#1682 = CARTESIAN_POINT('',(152.,150.,235.8));
#1683 = VECTOR('',#1684,1.);
#1684 = DIRECTION('',(1.,0.,-0.));
#1685 = PCURVE('',#434,#1686);
#1686 = DEFINITIONAL_REPRESENTATION('',(#1687),#1691);
#1687 = LINE('',#1688,#1689);
#1688 = CARTESIAN_POINT('',(0.,0.));
#1689 = VECTOR('',#1690,1.);
#1690 = DIRECTION('',(0.,1.));
#1691 = ( GEOMETRIC_REPRESENTATION_CONTEXT(2) 
PARAMETRIC_REPRESENTATION_CONTEXT() REPRESENTATION_CONTEXT('2D SPACE',''
  ) );
#1692 = PCURVE('',#1526,#1693);
#1693 = DEFINITIONAL_REPRESENTATION('',(#1694),#1698);
#1694 = LINE('',#1695,#1696);
#1695 = CARTESIAN_POINT('',(0.,120.));
#1696 = VECTOR('',#1697,1.);
#1697 = DIRECTION('',(1.,0.));
#1698 = ( GEOMETRIC_REPRESENTATION_CONTEXT(2) 
PARAMETRIC_REPRESENTATION_CONTEXT() REPRESENTATION_CONTEXT('2D SPACE',''
  ) );
#1699 = ORIENTED_EDGE('',*,*,#1700,.T.);
#1700 = EDGE_CURVE('',#1678,#1099,#1701,.T.);
#1701 = SURFACE_CURVE('',#1702,(#1706,#1713),.PCURVE_S1.);
#1702 = LINE('',#1703,#1704);
#1703 = CARTESIAN_POINT('',(152.,150.,235.8));
#1704 = VECTOR('',#1705,1.);
#1705 = DIRECTION('',(0.,0.,1.));
#1706 = PCURVE('',#434,#1707);
#1707 = DEFINITIONAL_REPRESENTATION('',(#1708),#1712);
#1708 = LINE('',#1709,#1710);
#1709 = CARTESIAN_POINT('',(0.,0.));
#1710 = VECTOR('',#1711,1.);
#1711 = DIRECTION('',(1.,0.));
#1712 = ( GEOMETRIC_REPRESENTATION_CONTEXT(2) 
PARAMETRIC_REPRESENTATION_CONTEXT() REPRESENTATION_CONTEXT('2D SPACE',''
  ) );
#1713 = PCURVE('',#1113,#1714);
#1714 = DEFINITIONAL_REPRESENTATION('',(#1715),#1719);
#1715 = LINE('',#1716,#1717);
#1716 = CARTESIAN_POINT('',(0.,-120.));
#1717 = VECTOR('',#1718,1.);
#1718 = DIRECTION('',(1.,0.));
#1719 = ( GEOMETRIC_REPRESENTATION_CONTEXT(2) 
PARAMETRIC_REPRESENTATION_CONTEXT() REPRESENTATION_CONTEXT('2D SPACE',''
  ) );
#1720 = ORIENTED_EDGE('',*,*,#1124,.F.);
#1721 = ORIENTED_EDGE('',*,*,#1722,.T.);
#1722 = EDGE_CURVE('',#1125,#419,#1723,.T.);
#1723 = SURFACE_CURVE('',#1724,(#1728,#1734),.PCURVE_S1.);
#1724 = LINE('',#1725,#1726);
#1725 = CARTESIAN_POINT('',(154.5,150.,245.8));
#1726 = VECTOR('',#1727,1.);
#1727 = DIRECTION('',(0.,0.,1.));
#1728 = PCURVE('',#434,#1729);
#1729 = DEFINITIONAL_REPRESENTATION('',(#1730),#1733);
#1730 = B_SPLINE_CURVE_WITH_KNOTS('',1,(#1731,#1732),.UNSPECIFIED.,.F.,
  .F.,(2,2),(10.,14.),.PIECEWISE_BEZIER_KNOTS.);
#1731 = CARTESIAN_POINT('',(20.,2.5));
#1732 = CARTESIAN_POINT('',(24.,2.5));
#1733 = ( GEOMETRIC_REPRESENTATION_CONTEXT(2) 
PARAMETRIC_REPRESENTATION_CONTEXT() REPRESENTATION_CONTEXT('2D SPACE',''
  ) );
#1734 = PCURVE('',#462,#1735);
#1735 = DEFINITIONAL_REPRESENTATION('',(#1736),#1739);
#1736 = B_SPLINE_CURVE_WITH_KNOTS('',1,(#1737,#1738),.UNSPECIFIED.,.F.,
  .F.,(2,2),(10.,14.),.PIECEWISE_BEZIER_KNOTS.);
#1737 = CARTESIAN_POINT('',(0.,-146.));
#1738 = CARTESIAN_POINT('',(4.,-146.));
#1739 = ( GEOMETRIC_REPRESENTATION_CONTEXT(2) 
PARAMETRIC_REPRESENTATION_CONTEXT() REPRESENTATION_CONTEXT('2D SPACE',''
  ) );
#1740 = ORIENTED_EDGE('',*,*,#418,.T.);
#1741 = ADVANCED_FACE('',(#1742),#462,.T.);
#1742 = FACE_BOUND('',#1743,.T.);
#1743 = EDGE_LOOP('',(#1744,#1745,#1746,#1747));
#1744 = ORIENTED_EDGE('',*,*,#446,.F.);
#1745 = ORIENTED_EDGE('',*,*,#1722,.F.);
#1746 = ORIENTED_EDGE('',*,*,#1145,.T.);
#1747 = ORIENTED_EDGE('',*,*,#961,.T.);
#1748 = ADVANCED_FACE('',(#1749),#515,.F.);
#1749 = FACE_BOUND('',#1750,.F.);
#1750 = EDGE_LOOP('',(#1751,#1774,#1775,#1798));
#1751 = ORIENTED_EDGE('',*,*,#1752,.F.);
#1752 = EDGE_CURVE('',#498,#1753,#1755,.T.);
#1753 = VERTEX_POINT('',#1754);
#1754 = CARTESIAN_POINT('',(34.,164.5,275.8));
#1755 = SURFACE_CURVE('',#1756,(#1760,#1767),.PCURVE_S1.);
#1756 = LINE('',#1757,#1758);
#1757 = CARTESIAN_POINT('',(34.,164.5,258.8));
#1758 = VECTOR('',#1759,1.);
#1759 = DIRECTION('',(0.,0.,1.));
#1760 = PCURVE('',#515,#1761);
#1761 = DEFINITIONAL_REPRESENTATION('',(#1762),#1766);
#1762 = LINE('',#1763,#1764);
#1763 = CARTESIAN_POINT('',(0.,30.));
#1764 = VECTOR('',#1765,1.);
#1765 = DIRECTION('',(1.,0.));
#1766 = ( GEOMETRIC_REPRESENTATION_CONTEXT(2) 
PARAMETRIC_REPRESENTATION_CONTEXT() REPRESENTATION_CONTEXT('2D SPACE',''
  ) );
#1767 = PCURVE('',#594,#1768);
#1768 = DEFINITIONAL_REPRESENTATION('',(#1769),#1773);
#1769 = LINE('',#1770,#1771);
#1770 = CARTESIAN_POINT('',(0.,0.));
#1771 = VECTOR('',#1772,1.);
#1772 = DIRECTION('',(1.,0.));
#1773 = ( GEOMETRIC_REPRESENTATION_CONTEXT(2) 
PARAMETRIC_REPRESENTATION_CONTEXT() REPRESENTATION_CONTEXT('2D SPACE',''
  ) );
#1774 = ORIENTED_EDGE('',*,*,#497,.T.);
#1775 = ORIENTED_EDGE('',*,*,#1776,.T.);
#1776 = EDGE_CURVE('',#500,#1777,#1779,.T.);
#1777 = VERTEX_POINT('',#1778);
#1778 = CARTESIAN_POINT('',(4.,164.5,275.8));
#1779 = SURFACE_CURVE('',#1780,(#1784,#1791),.PCURVE_S1.);
#1780 = LINE('',#1781,#1782);
#1781 = CARTESIAN_POINT('',(4.,164.5,258.8));
#1782 = VECTOR('',#1783,1.);
#1783 = DIRECTION('',(0.,0.,1.));
#1784 = PCURVE('',#515,#1785);
#1785 = DEFINITIONAL_REPRESENTATION('',(#1786),#1790);
#1786 = LINE('',#1787,#1788);
#1787 = CARTESIAN_POINT('',(0.,0.));
#1788 = VECTOR('',#1789,1.);
#1789 = DIRECTION('',(1.,0.));
#1790 = ( GEOMETRIC_REPRESENTATION_CONTEXT(2) 
PARAMETRIC_REPRESENTATION_CONTEXT() REPRESENTATION_CONTEXT('2D SPACE',''
  ) );
#1791 = PCURVE('',#542,#1792);
#1792 = DEFINITIONAL_REPRESENTATION('',(#1793),#1797);
#1793 = LINE('',#1794,#1795);
#1794 = CARTESIAN_POINT('',(0.,0.));
#1795 = VECTOR('',#1796,1.);
#1796 = DIRECTION('',(1.,0.));
#1797 = ( GEOMETRIC_REPRESENTATION_CONTEXT(2) 
PARAMETRIC_REPRESENTATION_CONTEXT() REPRESENTATION_CONTEXT('2D SPACE',''
  ) );
#1798 = ORIENTED_EDGE('',*,*,#1799,.T.);
#1799 = EDGE_CURVE('',#1777,#1753,#1800,.T.);
#1800 = SURFACE_CURVE('',#1801,(#1805,#1812),.PCURVE_S1.);
#1801 = LINE('',#1802,#1803);
#1802 = CARTESIAN_POINT('',(4.,164.5,275.8));
#1803 = VECTOR('',#1804,1.);
#1804 = DIRECTION('',(1.,0.,-0.));
#1805 = PCURVE('',#515,#1806);
#1806 = DEFINITIONAL_REPRESENTATION('',(#1807),#1811);
#1807 = LINE('',#1808,#1809);
#1808 = CARTESIAN_POINT('',(17.,0.));
#1809 = VECTOR('',#1810,1.);
#1810 = DIRECTION('',(0.,1.));
#1811 = ( GEOMETRIC_REPRESENTATION_CONTEXT(2) 
PARAMETRIC_REPRESENTATION_CONTEXT() REPRESENTATION_CONTEXT('2D SPACE',''
  ) );
#1812 = PCURVE('',#1813,#1818);
#1813 = PLANE('',#1814);
#1814 = AXIS2_PLACEMENT_3D('',#1815,#1816,#1817);
#1815 = CARTESIAN_POINT('',(4.,164.5,275.8));
#1816 = DIRECTION('',(0.,0.,1.));
#1817 = DIRECTION('',(1.,0.,-0.));
#1818 = DEFINITIONAL_REPRESENTATION('',(#1819),#1823);
#1819 = LINE('',#1820,#1821);
#1820 = CARTESIAN_POINT('',(0.,0.));
#1821 = VECTOR('',#1822,1.);
#1822 = DIRECTION('',(1.,0.));
#1823 = ( GEOMETRIC_REPRESENTATION_CONTEXT(2) 
PARAMETRIC_REPRESENTATION_CONTEXT() REPRESENTATION_CONTEXT('2D SPACE',''
  ) );
#1824 = ADVANCED_FACE('',(#1825),#542,.F.);
#1825 = FACE_BOUND('',#1826,.F.);
#1826 = EDGE_LOOP('',(#1827,#1828,#1829,#1852));
#1827 = ORIENTED_EDGE('',*,*,#1776,.F.);
#1828 = ORIENTED_EDGE('',*,*,#526,.T.);
#1829 = ORIENTED_EDGE('',*,*,#1830,.T.);
#1830 = EDGE_CURVE('',#527,#1831,#1833,.T.);
#1831 = VERTEX_POINT('',#1832);
#1832 = CARTESIAN_POINT('',(4.,168.5,275.8));
#1833 = SURFACE_CURVE('',#1834,(#1838,#1845),.PCURVE_S1.);
#1834 = LINE('',#1835,#1836);
#1835 = CARTESIAN_POINT('',(4.,168.5,258.8));
#1836 = VECTOR('',#1837,1.);
#1837 = DIRECTION('',(0.,0.,1.));
#1838 = PCURVE('',#542,#1839);
#1839 = DEFINITIONAL_REPRESENTATION('',(#1840),#1844);
#1840 = LINE('',#1841,#1842);
#1841 = CARTESIAN_POINT('',(0.,-4.));
#1842 = VECTOR('',#1843,1.);
#1843 = DIRECTION('',(1.,0.));
#1844 = ( GEOMETRIC_REPRESENTATION_CONTEXT(2) 
PARAMETRIC_REPRESENTATION_CONTEXT() REPRESENTATION_CONTEXT('2D SPACE',''
  ) );
#1845 = PCURVE('',#569,#1846);
#1846 = DEFINITIONAL_REPRESENTATION('',(#1847),#1851);
#1847 = LINE('',#1848,#1849);
#1848 = CARTESIAN_POINT('',(0.,0.));
#1849 = VECTOR('',#1850,1.);
#1850 = DIRECTION('',(1.,0.));
#1851 = ( GEOMETRIC_REPRESENTATION_CONTEXT(2) 
PARAMETRIC_REPRESENTATION_CONTEXT() REPRESENTATION_CONTEXT('2D SPACE',''
  ) );
#1852 = ORIENTED_EDGE('',*,*,#1853,.F.);
#1853 = EDGE_CURVE('',#1777,#1831,#1854,.T.);
#1854 = SURFACE_CURVE('',#1855,(#1859,#1866),.PCURVE_S1.);
#1855 = LINE('',#1856,#1857);
#1856 = CARTESIAN_POINT('',(4.,164.5,275.8));
#1857 = VECTOR('',#1858,1.);
#1858 = DIRECTION('',(-0.,1.,0.));
#1859 = PCURVE('',#542,#1860);
#1860 = DEFINITIONAL_REPRESENTATION('',(#1861),#1865);
#1861 = LINE('',#1862,#1863);
#1862 = CARTESIAN_POINT('',(17.,0.));
#1863 = VECTOR('',#1864,1.);
#1864 = DIRECTION('',(0.,-1.));
#1865 = ( GEOMETRIC_REPRESENTATION_CONTEXT(2) 
PARAMETRIC_REPRESENTATION_CONTEXT() REPRESENTATION_CONTEXT('2D SPACE',''
  ) );
#1866 = PCURVE('',#1813,#1867);
#1867 = DEFINITIONAL_REPRESENTATION('',(#1868),#1872);
#1868 = LINE('',#1869,#1870);
#1869 = CARTESIAN_POINT('',(0.,0.));
#1870 = VECTOR('',#1871,1.);
#1871 = DIRECTION('',(0.,1.));
#1872 = ( GEOMETRIC_REPRESENTATION_CONTEXT(2) 
PARAMETRIC_REPRESENTATION_CONTEXT() REPRESENTATION_CONTEXT('2D SPACE',''
  ) );
#1873 = ADVANCED_FACE('',(#1874),#569,.T.);
#1874 = FACE_BOUND('',#1875,.T.);
#1875 = EDGE_LOOP('',(#1876,#1899,#1900,#1901));
#1876 = ORIENTED_EDGE('',*,*,#1877,.F.);
#1877 = EDGE_CURVE('',#554,#1878,#1880,.T.);
#1878 = VERTEX_POINT('',#1879);
#1879 = CARTESIAN_POINT('',(34.,168.5,275.8));
#1880 = SURFACE_CURVE('',#1881,(#1885,#1892),.PCURVE_S1.);
#1881 = LINE('',#1882,#1883);
#1882 = CARTESIAN_POINT('',(34.,168.5,258.8));
#1883 = VECTOR('',#1884,1.);
#1884 = DIRECTION('',(0.,0.,1.));
#1885 = PCURVE('',#569,#1886);
#1886 = DEFINITIONAL_REPRESENTATION('',(#1887),#1891);
#1887 = LINE('',#1888,#1889);
#1888 = CARTESIAN_POINT('',(0.,30.));
#1889 = VECTOR('',#1890,1.);
#1890 = DIRECTION('',(1.,0.));
#1891 = ( GEOMETRIC_REPRESENTATION_CONTEXT(2) 
PARAMETRIC_REPRESENTATION_CONTEXT() REPRESENTATION_CONTEXT('2D SPACE',''
  ) );
#1892 = PCURVE('',#594,#1893);
#1893 = DEFINITIONAL_REPRESENTATION('',(#1894),#1898);
#1894 = LINE('',#1895,#1896);
#1895 = CARTESIAN_POINT('',(0.,-4.));
#1896 = VECTOR('',#1897,1.);
#1897 = DIRECTION('',(1.,0.));
#1898 = ( GEOMETRIC_REPRESENTATION_CONTEXT(2) 
PARAMETRIC_REPRESENTATION_CONTEXT() REPRESENTATION_CONTEXT('2D SPACE',''
  ) );
#1899 = ORIENTED_EDGE('',*,*,#553,.T.);
#1900 = ORIENTED_EDGE('',*,*,#1830,.T.);
#1901 = ORIENTED_EDGE('',*,*,#1902,.T.);
#1902 = EDGE_CURVE('',#1831,#1878,#1903,.T.);
#1903 = SURFACE_CURVE('',#1904,(#1908,#1915),.PCURVE_S1.);
#1904 = LINE('',#1905,#1906);
#1905 = CARTESIAN_POINT('',(4.,168.5,275.8));
#1906 = VECTOR('',#1907,1.);
#1907 = DIRECTION('',(1.,0.,-0.));
#1908 = PCURVE('',#569,#1909);
#1909 = DEFINITIONAL_REPRESENTATION('',(#1910),#1914);
#1910 = LINE('',#1911,#1912);
#1911 = CARTESIAN_POINT('',(17.,0.));
#1912 = VECTOR('',#1913,1.);
#1913 = DIRECTION('',(0.,1.));
#1914 = ( GEOMETRIC_REPRESENTATION_CONTEXT(2) 
PARAMETRIC_REPRESENTATION_CONTEXT() REPRESENTATION_CONTEXT('2D SPACE',''
  ) );
#1915 = PCURVE('',#1813,#1916);
#1916 = DEFINITIONAL_REPRESENTATION('',(#1917),#1921);
#1917 = LINE('',#1918,#1919);
#1918 = CARTESIAN_POINT('',(0.,4.));
#1919 = VECTOR('',#1920,1.);
#1920 = DIRECTION('',(1.,0.));
#1921 = ( GEOMETRIC_REPRESENTATION_CONTEXT(2) 
PARAMETRIC_REPRESENTATION_CONTEXT() REPRESENTATION_CONTEXT('2D SPACE',''
  ) );
#1922 = ADVANCED_FACE('',(#1923),#594,.T.);
#1923 = FACE_BOUND('',#1924,.T.);
#1924 = EDGE_LOOP('',(#1925,#1926,#1927,#1928));
#1925 = ORIENTED_EDGE('',*,*,#1752,.F.);
#1926 = ORIENTED_EDGE('',*,*,#580,.T.);
#1927 = ORIENTED_EDGE('',*,*,#1877,.T.);
#1928 = ORIENTED_EDGE('',*,*,#1929,.F.);
#1929 = EDGE_CURVE('',#1753,#1878,#1930,.T.);
#1930 = SURFACE_CURVE('',#1931,(#1935,#1942),.PCURVE_S1.);
#1931 = LINE('',#1932,#1933);
#1932 = CARTESIAN_POINT('',(34.,164.5,275.8));
#1933 = VECTOR('',#1934,1.);
#1934 = DIRECTION('',(-0.,1.,0.));
#1935 = PCURVE('',#594,#1936);
#1936 = DEFINITIONAL_REPRESENTATION('',(#1937),#1941);
#1937 = LINE('',#1938,#1939);
#1938 = CARTESIAN_POINT('',(17.,0.));
#1939 = VECTOR('',#1940,1.);
#1940 = DIRECTION('',(0.,-1.));
#1941 = ( GEOMETRIC_REPRESENTATION_CONTEXT(2) 
PARAMETRIC_REPRESENTATION_CONTEXT() REPRESENTATION_CONTEXT('2D SPACE',''
  ) );
#1942 = PCURVE('',#1813,#1943);
#1943 = DEFINITIONAL_REPRESENTATION('',(#1944),#1948);
#1944 = LINE('',#1945,#1946);
#1945 = CARTESIAN_POINT('',(30.,0.));
#1946 = VECTOR('',#1947,1.);
#1947 = DIRECTION('',(0.,1.));
#1948 = ( GEOMETRIC_REPRESENTATION_CONTEXT(2) 
PARAMETRIC_REPRESENTATION_CONTEXT() REPRESENTATION_CONTEXT('2D SPACE',''
  ) );
#1949 = ADVANCED_FACE('',(#1950),#625,.F.);
#1950 = FACE_BOUND('',#1951,.F.);
#1951 = EDGE_LOOP('',(#1952,#1975,#1976,#1999));
#1952 = ORIENTED_EDGE('',*,*,#1953,.F.);
#1953 = EDGE_CURVE('',#608,#1954,#1956,.T.);
#1954 = VERTEX_POINT('',#1955);
#1955 = CARTESIAN_POINT('',(154.,164.5,275.8));
#1956 = SURFACE_CURVE('',#1957,(#1961,#1968),.PCURVE_S1.);
#1957 = LINE('',#1958,#1959);
#1958 = CARTESIAN_POINT('',(154.,164.5,258.8));
#1959 = VECTOR('',#1960,1.);
#1960 = DIRECTION('',(0.,0.,1.));
#1961 = PCURVE('',#625,#1962);
#1962 = DEFINITIONAL_REPRESENTATION('',(#1963),#1967);
#1963 = LINE('',#1964,#1965);
#1964 = CARTESIAN_POINT('',(0.,30.));
#1965 = VECTOR('',#1966,1.);
#1966 = DIRECTION('',(1.,0.));
#1967 = ( GEOMETRIC_REPRESENTATION_CONTEXT(2) 
PARAMETRIC_REPRESENTATION_CONTEXT() REPRESENTATION_CONTEXT('2D SPACE',''
  ) );
#1968 = PCURVE('',#704,#1969);
#1969 = DEFINITIONAL_REPRESENTATION('',(#1970),#1974);
#1970 = LINE('',#1971,#1972);
#1971 = CARTESIAN_POINT('',(0.,0.));
#1972 = VECTOR('',#1973,1.);
#1973 = DIRECTION('',(1.,0.));
#1974 = ( GEOMETRIC_REPRESENTATION_CONTEXT(2) 
PARAMETRIC_REPRESENTATION_CONTEXT() REPRESENTATION_CONTEXT('2D SPACE',''
  ) );
#1975 = ORIENTED_EDGE('',*,*,#607,.T.);
#1976 = ORIENTED_EDGE('',*,*,#1977,.T.);
#1977 = EDGE_CURVE('',#610,#1978,#1980,.T.);
#1978 = VERTEX_POINT('',#1979);
#1979 = CARTESIAN_POINT('',(124.,164.5,275.8));
#1980 = SURFACE_CURVE('',#1981,(#1985,#1992),.PCURVE_S1.);
#1981 = LINE('',#1982,#1983);
#1982 = CARTESIAN_POINT('',(124.,164.5,258.8));
#1983 = VECTOR('',#1984,1.);
#1984 = DIRECTION('',(0.,0.,1.));
#1985 = PCURVE('',#625,#1986);
#1986 = DEFINITIONAL_REPRESENTATION('',(#1987),#1991);
#1987 = LINE('',#1988,#1989);
#1988 = CARTESIAN_POINT('',(0.,0.));
#1989 = VECTOR('',#1990,1.);
#1990 = DIRECTION('',(1.,0.));
#1991 = ( GEOMETRIC_REPRESENTATION_CONTEXT(2) 
PARAMETRIC_REPRESENTATION_CONTEXT() REPRESENTATION_CONTEXT('2D SPACE',''
  ) );
#1992 = PCURVE('',#652,#1993);
#1993 = DEFINITIONAL_REPRESENTATION('',(#1994),#1998);
#1994 = LINE('',#1995,#1996);
#1995 = CARTESIAN_POINT('',(0.,0.));
#1996 = VECTOR('',#1997,1.);
#1997 = DIRECTION('',(1.,0.));
#1998 = ( GEOMETRIC_REPRESENTATION_CONTEXT(2) 
PARAMETRIC_REPRESENTATION_CONTEXT() REPRESENTATION_CONTEXT('2D SPACE',''
  ) );
#1999 = ORIENTED_EDGE('',*,*,#2000,.T.);
#2000 = EDGE_CURVE('',#1978,#1954,#2001,.T.);
#2001 = SURFACE_CURVE('',#2002,(#2006,#2013),.PCURVE_S1.);
#2002 = LINE('',#2003,#2004);
#2003 = CARTESIAN_POINT('',(124.,164.5,275.8));
#2004 = VECTOR('',#2005,1.);
#2005 = DIRECTION('',(1.,0.,-0.));
#2006 = PCURVE('',#625,#2007);
#2007 = DEFINITIONAL_REPRESENTATION('',(#2008),#2012);
#2008 = LINE('',#2009,#2010);
#2009 = CARTESIAN_POINT('',(17.,0.));
#2010 = VECTOR('',#2011,1.);
#2011 = DIRECTION('',(0.,1.));
#2012 = ( GEOMETRIC_REPRESENTATION_CONTEXT(2) 
PARAMETRIC_REPRESENTATION_CONTEXT() REPRESENTATION_CONTEXT('2D SPACE',''
  ) );
#2013 = PCURVE('',#2014,#2019);
#2014 = PLANE('',#2015);
#2015 = AXIS2_PLACEMENT_3D('',#2016,#2017,#2018);
#2016 = CARTESIAN_POINT('',(124.,164.5,275.8));
#2017 = DIRECTION('',(0.,0.,1.));
#2018 = DIRECTION('',(1.,0.,-0.));
#2019 = DEFINITIONAL_REPRESENTATION('',(#2020),#2024);
#2020 = LINE('',#2021,#2022);
#2021 = CARTESIAN_POINT('',(0.,0.));
#2022 = VECTOR('',#2023,1.);
#2023 = DIRECTION('',(1.,0.));
#2024 = ( GEOMETRIC_REPRESENTATION_CONTEXT(2) 
PARAMETRIC_REPRESENTATION_CONTEXT() REPRESENTATION_CONTEXT('2D SPACE',''
  ) );
#2025 = ADVANCED_FACE('',(#2026),#652,.F.);
#2026 = FACE_BOUND('',#2027,.F.);
#2027 = EDGE_LOOP('',(#2028,#2029,#2030,#2053));
#2028 = ORIENTED_EDGE('',*,*,#1977,.F.);
#2029 = ORIENTED_EDGE('',*,*,#636,.T.);
#2030 = ORIENTED_EDGE('',*,*,#2031,.T.);
#2031 = EDGE_CURVE('',#637,#2032,#2034,.T.);
#2032 = VERTEX_POINT('',#2033);
#2033 = CARTESIAN_POINT('',(124.,168.5,275.8));
#2034 = SURFACE_CURVE('',#2035,(#2039,#2046),.PCURVE_S1.);
#2035 = LINE('',#2036,#2037);
#2036 = CARTESIAN_POINT('',(124.,168.5,258.8));
#2037 = VECTOR('',#2038,1.);
#2038 = DIRECTION('',(0.,0.,1.));
#2039 = PCURVE('',#652,#2040);
#2040 = DEFINITIONAL_REPRESENTATION('',(#2041),#2045);
#2041 = LINE('',#2042,#2043);
#2042 = CARTESIAN_POINT('',(0.,-4.));
#2043 = VECTOR('',#2044,1.);
#2044 = DIRECTION('',(1.,0.));
#2045 = ( GEOMETRIC_REPRESENTATION_CONTEXT(2) 
PARAMETRIC_REPRESENTATION_CONTEXT() REPRESENTATION_CONTEXT('2D SPACE',''
  ) );
#2046 = PCURVE('',#679,#2047);
#2047 = DEFINITIONAL_REPRESENTATION('',(#2048),#2052);
#2048 = LINE('',#2049,#2050);
#2049 = CARTESIAN_POINT('',(0.,0.));
#2050 = VECTOR('',#2051,1.);
#2051 = DIRECTION('',(1.,0.));
#2052 = ( GEOMETRIC_REPRESENTATION_CONTEXT(2) 
PARAMETRIC_REPRESENTATION_CONTEXT() REPRESENTATION_CONTEXT('2D SPACE',''
  ) );
#2053 = ORIENTED_EDGE('',*,*,#2054,.F.);
#2054 = EDGE_CURVE('',#1978,#2032,#2055,.T.);
#2055 = SURFACE_CURVE('',#2056,(#2060,#2067),.PCURVE_S1.);
#2056 = LINE('',#2057,#2058);
#2057 = CARTESIAN_POINT('',(124.,164.5,275.8));
#2058 = VECTOR('',#2059,1.);
#2059 = DIRECTION('',(-0.,1.,0.));
#2060 = PCURVE('',#652,#2061);
#2061 = DEFINITIONAL_REPRESENTATION('',(#2062),#2066);
#2062 = LINE('',#2063,#2064);
#2063 = CARTESIAN_POINT('',(17.,0.));
#2064 = VECTOR('',#2065,1.);
#2065 = DIRECTION('',(0.,-1.));
#2066 = ( GEOMETRIC_REPRESENTATION_CONTEXT(2) 
PARAMETRIC_REPRESENTATION_CONTEXT() REPRESENTATION_CONTEXT('2D SPACE',''
  ) );
#2067 = PCURVE('',#2014,#2068);
#2068 = DEFINITIONAL_REPRESENTATION('',(#2069),#2073);
#2069 = LINE('',#2070,#2071);
#2070 = CARTESIAN_POINT('',(0.,0.));
#2071 = VECTOR('',#2072,1.);
#2072 = DIRECTION('',(0.,1.));
#2073 = ( GEOMETRIC_REPRESENTATION_CONTEXT(2) 
PARAMETRIC_REPRESENTATION_CONTEXT() REPRESENTATION_CONTEXT('2D SPACE',''
  ) );
#2074 = ADVANCED_FACE('',(#2075),#679,.T.);
#2075 = FACE_BOUND('',#2076,.T.);
#2076 = EDGE_LOOP('',(#2077,#2100,#2101,#2102));
#2077 = ORIENTED_EDGE('',*,*,#2078,.F.);
#2078 = EDGE_CURVE('',#664,#2079,#2081,.T.);
#2079 = VERTEX_POINT('',#2080);
#2080 = CARTESIAN_POINT('',(154.,168.5,275.8));
#2081 = SURFACE_CURVE('',#2082,(#2086,#2093),.PCURVE_S1.);
#2082 = LINE('',#2083,#2084);
#2083 = CARTESIAN_POINT('',(154.,168.5,258.8));
#2084 = VECTOR('',#2085,1.);
#2085 = DIRECTION('',(0.,0.,1.));
#2086 = PCURVE('',#679,#2087);
#2087 = DEFINITIONAL_REPRESENTATION('',(#2088),#2092);
#2088 = LINE('',#2089,#2090);
#2089 = CARTESIAN_POINT('',(0.,30.));
#2090 = VECTOR('',#2091,1.);
#2091 = DIRECTION('',(1.,0.));
#2092 = ( GEOMETRIC_REPRESENTATION_CONTEXT(2) 
PARAMETRIC_REPRESENTATION_CONTEXT() REPRESENTATION_CONTEXT('2D SPACE',''
  ) );
#2093 = PCURVE('',#704,#2094);
#2094 = DEFINITIONAL_REPRESENTATION('',(#2095),#2099);
#2095 = LINE('',#2096,#2097);
#2096 = CARTESIAN_POINT('',(0.,-4.));
#2097 = VECTOR('',#2098,1.);
#2098 = DIRECTION('',(1.,0.));
#2099 = ( GEOMETRIC_REPRESENTATION_CONTEXT(2) 
PARAMETRIC_REPRESENTATION_CONTEXT() REPRESENTATION_CONTEXT('2D SPACE',''
  ) );
#2100 = ORIENTED_EDGE('',*,*,#663,.T.);
#2101 = ORIENTED_EDGE('',*,*,#2031,.T.);
#2102 = ORIENTED_EDGE('',*,*,#2103,.T.);
#2103 = EDGE_CURVE('',#2032,#2079,#2104,.T.);
#2104 = SURFACE_CURVE('',#2105,(#2109,#2116),.PCURVE_S1.);
#2105 = LINE('',#2106,#2107);
#2106 = CARTESIAN_POINT('',(124.,168.5,275.8));
#2107 = VECTOR('',#2108,1.);
#2108 = DIRECTION('',(1.,0.,-0.));
#2109 = PCURVE('',#679,#2110);
#2110 = DEFINITIONAL_REPRESENTATION('',(#2111),#2115);
#2111 = LINE('',#2112,#2113);
#2112 = CARTESIAN_POINT('',(17.,0.));
#2113 = VECTOR('',#2114,1.);
#2114 = DIRECTION('',(0.,1.));
#2115 = ( GEOMETRIC_REPRESENTATION_CONTEXT(2) 
PARAMETRIC_REPRESENTATION_CONTEXT() REPRESENTATION_CONTEXT('2D SPACE',''
  ) );
#2116 = PCURVE('',#2014,#2117);
#2117 = DEFINITIONAL_REPRESENTATION('',(#2118),#2122);
#2118 = LINE('',#2119,#2120);
#2119 = CARTESIAN_POINT('',(0.,4.));
#2120 = VECTOR('',#2121,1.);
#2121 = DIRECTION('',(1.,0.));
#2122 = ( GEOMETRIC_REPRESENTATION_CONTEXT(2) 
PARAMETRIC_REPRESENTATION_CONTEXT() REPRESENTATION_CONTEXT('2D SPACE',''
  ) );
#2123 = ADVANCED_FACE('',(#2124),#704,.T.);
#2124 = FACE_BOUND('',#2125,.T.);
#2125 = EDGE_LOOP('',(#2126,#2127,#2128,#2129));
#2126 = ORIENTED_EDGE('',*,*,#1953,.F.);
#2127 = ORIENTED_EDGE('',*,*,#690,.T.);
#2128 = ORIENTED_EDGE('',*,*,#2078,.T.);
#2129 = ORIENTED_EDGE('',*,*,#2130,.F.);
#2130 = EDGE_CURVE('',#1954,#2079,#2131,.T.);
#2131 = SURFACE_CURVE('',#2132,(#2136,#2143),.PCURVE_S1.);
#2132 = LINE('',#2133,#2134);
#2133 = CARTESIAN_POINT('',(154.,164.5,275.8));
#2134 = VECTOR('',#2135,1.);
#2135 = DIRECTION('',(-0.,1.,0.));
#2136 = PCURVE('',#704,#2137);
#2137 = DEFINITIONAL_REPRESENTATION('',(#2138),#2142);
#2138 = LINE('',#2139,#2140);
#2139 = CARTESIAN_POINT('',(17.,0.));
#2140 = VECTOR('',#2141,1.);
#2141 = DIRECTION('',(0.,-1.));
#2142 = ( GEOMETRIC_REPRESENTATION_CONTEXT(2) 
PARAMETRIC_REPRESENTATION_CONTEXT() REPRESENTATION_CONTEXT('2D SPACE',''
  ) );
#2143 = PCURVE('',#2014,#2144);
#2144 = DEFINITIONAL_REPRESENTATION('',(#2145),#2149);
#2145 = LINE('',#2146,#2147);
#2146 = CARTESIAN_POINT('',(30.,0.));
#2147 = VECTOR('',#2148,1.);
#2148 = DIRECTION('',(0.,1.));
#2149 = ( GEOMETRIC_REPRESENTATION_CONTEXT(2) 
PARAMETRIC_REPRESENTATION_CONTEXT() REPRESENTATION_CONTEXT('2D SPACE',''
  ) );
#2150 = ADVANCED_FACE('',(#2151),#859,.F.);
#2151 = FACE_BOUND('',#2152,.F.);
#2152 = EDGE_LOOP('',(#2153,#2154,#2177,#2198));
#2153 = ORIENTED_EDGE('',*,*,#845,.F.);
#2154 = ORIENTED_EDGE('',*,*,#2155,.T.);
#2155 = EDGE_CURVE('',#818,#2156,#2158,.T.);
#2156 = VERTEX_POINT('',#2157);
#2157 = CARTESIAN_POINT('',(30.,10.,235.8));
#2158 = SURFACE_CURVE('',#2159,(#2163,#2170),.PCURVE_S1.);
#2159 = LINE('',#2160,#2161);
#2160 = CARTESIAN_POINT('',(30.,4.,235.8));
#2161 = VECTOR('',#2162,1.);
#2162 = DIRECTION('',(-0.,1.,0.));
#2163 = PCURVE('',#859,#2164);
#2164 = DEFINITIONAL_REPRESENTATION('',(#2165),#2169);
#2165 = LINE('',#2166,#2167);
#2166 = CARTESIAN_POINT('',(0.,0.));
#2167 = VECTOR('',#2168,1.);
#2168 = DIRECTION('',(0.,-1.));
#2169 = ( GEOMETRIC_REPRESENTATION_CONTEXT(2) 
PARAMETRIC_REPRESENTATION_CONTEXT() REPRESENTATION_CONTEXT('2D SPACE',''
  ) );
#2170 = PCURVE('',#833,#2171);
#2171 = DEFINITIONAL_REPRESENTATION('',(#2172),#2176);
#2172 = LINE('',#2173,#2174);
#2173 = CARTESIAN_POINT('',(0.,0.));
#2174 = VECTOR('',#2175,1.);
#2175 = DIRECTION('',(0.,1.));
#2176 = ( GEOMETRIC_REPRESENTATION_CONTEXT(2) 
PARAMETRIC_REPRESENTATION_CONTEXT() REPRESENTATION_CONTEXT('2D SPACE',''
  ) );
#2177 = ORIENTED_EDGE('',*,*,#2178,.T.);
#2178 = EDGE_CURVE('',#2156,#988,#2179,.T.);
#2179 = SURFACE_CURVE('',#2180,(#2184,#2191),.PCURVE_S1.);
#2180 = LINE('',#2181,#2182);
#2181 = CARTESIAN_POINT('',(30.,10.,235.8));
#2182 = VECTOR('',#2183,1.);
#2183 = DIRECTION('',(0.,0.,1.));
#2184 = PCURVE('',#859,#2185);
#2185 = DEFINITIONAL_REPRESENTATION('',(#2186),#2190);
#2186 = LINE('',#2187,#2188);
#2187 = CARTESIAN_POINT('',(0.,-6.));
#2188 = VECTOR('',#2189,1.);
#2189 = DIRECTION('',(1.,0.));
#2190 = ( GEOMETRIC_REPRESENTATION_CONTEXT(2) 
PARAMETRIC_REPRESENTATION_CONTEXT() REPRESENTATION_CONTEXT('2D SPACE',''
  ) );
#2191 = PCURVE('',#1023,#2192);
#2192 = DEFINITIONAL_REPRESENTATION('',(#2193),#2197);
#2193 = LINE('',#2194,#2195);
#2194 = CARTESIAN_POINT('',(0.,0.));
#2195 = VECTOR('',#2196,1.);
#2196 = DIRECTION('',(1.,0.));
#2197 = ( GEOMETRIC_REPRESENTATION_CONTEXT(2) 
PARAMETRIC_REPRESENTATION_CONTEXT() REPRESENTATION_CONTEXT('2D SPACE',''
  ) );
#2198 = ORIENTED_EDGE('',*,*,#987,.F.);
#2199 = ADVANCED_FACE('',(#2200),#833,.F.);
#2200 = FACE_BOUND('',#2201,.F.);
#2201 = EDGE_LOOP('',(#2202,#2203,#2204,#2227));
#2202 = ORIENTED_EDGE('',*,*,#2155,.F.);
#2203 = ORIENTED_EDGE('',*,*,#817,.T.);
#2204 = ORIENTED_EDGE('',*,*,#2205,.T.);
#2205 = EDGE_CURVE('',#790,#2206,#2208,.T.);
#2206 = VERTEX_POINT('',#2207);
#2207 = CARTESIAN_POINT('',(130.,10.,235.8));
#2208 = SURFACE_CURVE('',#2209,(#2213,#2220),.PCURVE_S1.);
#2209 = LINE('',#2210,#2211);
#2210 = CARTESIAN_POINT('',(130.,4.,235.8));
#2211 = VECTOR('',#2212,1.);
#2212 = DIRECTION('',(-0.,1.,0.));
#2213 = PCURVE('',#833,#2214);
#2214 = DEFINITIONAL_REPRESENTATION('',(#2215),#2219);
#2215 = LINE('',#2216,#2217);
#2216 = CARTESIAN_POINT('',(100.,0.));
#2217 = VECTOR('',#2218,1.);
#2218 = DIRECTION('',(0.,1.));
#2219 = ( GEOMETRIC_REPRESENTATION_CONTEXT(2) 
PARAMETRIC_REPRESENTATION_CONTEXT() REPRESENTATION_CONTEXT('2D SPACE',''
  ) );
#2220 = PCURVE('',#805,#2221);
#2221 = DEFINITIONAL_REPRESENTATION('',(#2222),#2226);
#2222 = LINE('',#2223,#2224);
#2223 = CARTESIAN_POINT('',(0.,0.));
#2224 = VECTOR('',#2225,1.);
#2225 = DIRECTION('',(0.,-1.));
#2226 = ( GEOMETRIC_REPRESENTATION_CONTEXT(2) 
PARAMETRIC_REPRESENTATION_CONTEXT() REPRESENTATION_CONTEXT('2D SPACE',''
  ) );
#2227 = ORIENTED_EDGE('',*,*,#2228,.F.);
#2228 = EDGE_CURVE('',#2156,#2206,#2229,.T.);
#2229 = SURFACE_CURVE('',#2230,(#2234,#2241),.PCURVE_S1.);
#2230 = LINE('',#2231,#2232);
#2231 = CARTESIAN_POINT('',(30.,10.,235.8));
#2232 = VECTOR('',#2233,1.);
#2233 = DIRECTION('',(1.,0.,-0.));
#2234 = PCURVE('',#833,#2235);
#2235 = DEFINITIONAL_REPRESENTATION('',(#2236),#2240);
#2236 = LINE('',#2237,#2238);
#2237 = CARTESIAN_POINT('',(0.,6.));
#2238 = VECTOR('',#2239,1.);
#2239 = DIRECTION('',(1.,0.));
#2240 = ( GEOMETRIC_REPRESENTATION_CONTEXT(2) 
PARAMETRIC_REPRESENTATION_CONTEXT() REPRESENTATION_CONTEXT('2D SPACE',''
  ) );
#2241 = PCURVE('',#1023,#2242);
#2242 = DEFINITIONAL_REPRESENTATION('',(#2243),#2247);
#2243 = LINE('',#2244,#2245);
#2244 = CARTESIAN_POINT('',(0.,0.));
#2245 = VECTOR('',#2246,1.);
#2246 = DIRECTION('',(0.,1.));
#2247 = ( GEOMETRIC_REPRESENTATION_CONTEXT(2) 
PARAMETRIC_REPRESENTATION_CONTEXT() REPRESENTATION_CONTEXT('2D SPACE',''
  ) );
#2248 = ADVANCED_FACE('',(#2249),#805,.T.);
#2249 = FACE_BOUND('',#2250,.T.);
#2250 = EDGE_LOOP('',(#2251,#2252,#2253,#2274));
#2251 = ORIENTED_EDGE('',*,*,#789,.F.);
#2252 = ORIENTED_EDGE('',*,*,#2205,.T.);
#2253 = ORIENTED_EDGE('',*,*,#2254,.T.);
#2254 = EDGE_CURVE('',#2206,#1009,#2255,.T.);
#2255 = SURFACE_CURVE('',#2256,(#2260,#2267),.PCURVE_S1.);
#2256 = LINE('',#2257,#2258);
#2257 = CARTESIAN_POINT('',(130.,10.,235.8));
#2258 = VECTOR('',#2259,1.);
#2259 = DIRECTION('',(0.,0.,1.));
#2260 = PCURVE('',#805,#2261);
#2261 = DEFINITIONAL_REPRESENTATION('',(#2262),#2266);
#2262 = LINE('',#2263,#2264);
#2263 = CARTESIAN_POINT('',(0.,-6.));
#2264 = VECTOR('',#2265,1.);
#2265 = DIRECTION('',(1.,0.));
#2266 = ( GEOMETRIC_REPRESENTATION_CONTEXT(2) 
PARAMETRIC_REPRESENTATION_CONTEXT() REPRESENTATION_CONTEXT('2D SPACE',''
  ) );
#2267 = PCURVE('',#1023,#2268);
#2268 = DEFINITIONAL_REPRESENTATION('',(#2269),#2273);
#2269 = LINE('',#2270,#2271);
#2270 = CARTESIAN_POINT('',(0.,100.));
#2271 = VECTOR('',#2272,1.);
#2272 = DIRECTION('',(1.,0.));
#2273 = ( GEOMETRIC_REPRESENTATION_CONTEXT(2) 
PARAMETRIC_REPRESENTATION_CONTEXT() REPRESENTATION_CONTEXT('2D SPACE',''
  ) );
#2274 = ORIENTED_EDGE('',*,*,#1034,.F.);
#2275 = ADVANCED_FACE('',(#2276),#890,.F.);
#2276 = FACE_BOUND('',#2277,.F.);
#2277 = EDGE_LOOP('',(#2278,#2302,#2323,#2324));
#2278 = ORIENTED_EDGE('',*,*,#2279,.F.);
#2279 = EDGE_CURVE('',#2280,#2280,#2282,.T.);
#2280 = VERTEX_POINT('',#2281);
#2281 = CARTESIAN_POINT('',(52.2,10.,245.8));
#2282 = SURFACE_CURVE('',#2283,(#2288,#2295),.PCURVE_S1.);
#2283 = CIRCLE('',#2284,2.2);
#2284 = AXIS2_PLACEMENT_3D('',#2285,#2286,#2287);
#2285 = CARTESIAN_POINT('',(50.,10.,245.8));
#2286 = DIRECTION('',(0.,1.,2.22044604925E-16));
#2287 = DIRECTION('',(1.,0.,-0.));
#2288 = PCURVE('',#890,#2289);
#2289 = DEFINITIONAL_REPRESENTATION('',(#2290),#2294);
#2290 = LINE('',#2291,#2292);
#2291 = CARTESIAN_POINT('',(0.,7.));
#2292 = VECTOR('',#2293,1.);
#2293 = DIRECTION('',(1.,0.));
#2294 = ( GEOMETRIC_REPRESENTATION_CONTEXT(2) 
PARAMETRIC_REPRESENTATION_CONTEXT() REPRESENTATION_CONTEXT('2D SPACE',''
  ) );
#2295 = PCURVE('',#1023,#2296);
#2296 = DEFINITIONAL_REPRESENTATION('',(#2297),#2301);
#2297 = CIRCLE('',#2298,2.2);
#2298 = AXIS2_PLACEMENT_2D('',#2299,#2300);
#2299 = CARTESIAN_POINT('',(10.,20.));
#2300 = DIRECTION('',(0.,1.));
#2301 = ( GEOMETRIC_REPRESENTATION_CONTEXT(2) 
PARAMETRIC_REPRESENTATION_CONTEXT() REPRESENTATION_CONTEXT('2D SPACE',''
  ) );
#2302 = ORIENTED_EDGE('',*,*,#2303,.F.);
#2303 = EDGE_CURVE('',#874,#2280,#2304,.T.);
#2304 = SEAM_CURVE('',#2305,(#2309,#2316),.PCURVE_S1.);
#2305 = LINE('',#2306,#2307);
#2306 = CARTESIAN_POINT('',(52.2,3.,245.8));
#2307 = VECTOR('',#2308,1.);
#2308 = DIRECTION('',(0.,1.,2.22044604925E-16));
#2309 = PCURVE('',#890,#2310);
#2310 = DEFINITIONAL_REPRESENTATION('',(#2311),#2315);
#2311 = LINE('',#2312,#2313);
#2312 = CARTESIAN_POINT('',(6.28318530718,-0.));
#2313 = VECTOR('',#2314,1.);
#2314 = DIRECTION('',(0.,1.));
#2315 = ( GEOMETRIC_REPRESENTATION_CONTEXT(2) 
PARAMETRIC_REPRESENTATION_CONTEXT() REPRESENTATION_CONTEXT('2D SPACE',''
  ) );
#2316 = PCURVE('',#890,#2317);
#2317 = DEFINITIONAL_REPRESENTATION('',(#2318),#2322);
#2318 = LINE('',#2319,#2320);
#2319 = CARTESIAN_POINT('',(0.,-0.));
#2320 = VECTOR('',#2321,1.);
#2321 = DIRECTION('',(0.,1.));
#2322 = ( GEOMETRIC_REPRESENTATION_CONTEXT(2) 
PARAMETRIC_REPRESENTATION_CONTEXT() REPRESENTATION_CONTEXT('2D SPACE',''
  ) );
#2323 = ORIENTED_EDGE('',*,*,#873,.T.);
#2324 = ORIENTED_EDGE('',*,*,#2303,.T.);
#2325 = ADVANCED_FACE('',(#2326),#921,.F.);
#2326 = FACE_BOUND('',#2327,.F.);
#2327 = EDGE_LOOP('',(#2328,#2352,#2373,#2374));
#2328 = ORIENTED_EDGE('',*,*,#2329,.F.);
#2329 = EDGE_CURVE('',#2330,#2330,#2332,.T.);
#2330 = VERTEX_POINT('',#2331);
#2331 = CARTESIAN_POINT('',(112.2,10.,245.8));
#2332 = SURFACE_CURVE('',#2333,(#2338,#2345),.PCURVE_S1.);
#2333 = CIRCLE('',#2334,2.2);
#2334 = AXIS2_PLACEMENT_3D('',#2335,#2336,#2337);
#2335 = CARTESIAN_POINT('',(110.,10.,245.8));
#2336 = DIRECTION('',(0.,1.,2.22044604925E-16));
#2337 = DIRECTION('',(1.,0.,-0.));
#2338 = PCURVE('',#921,#2339);
#2339 = DEFINITIONAL_REPRESENTATION('',(#2340),#2344);
#2340 = LINE('',#2341,#2342);
#2341 = CARTESIAN_POINT('',(0.,7.));
#2342 = VECTOR('',#2343,1.);
#2343 = DIRECTION('',(1.,0.));
#2344 = ( GEOMETRIC_REPRESENTATION_CONTEXT(2) 
PARAMETRIC_REPRESENTATION_CONTEXT() REPRESENTATION_CONTEXT('2D SPACE',''
  ) );
#2345 = PCURVE('',#1023,#2346);
#2346 = DEFINITIONAL_REPRESENTATION('',(#2347),#2351);
#2347 = CIRCLE('',#2348,2.2);
#2348 = AXIS2_PLACEMENT_2D('',#2349,#2350);
#2349 = CARTESIAN_POINT('',(10.,80.));
#2350 = DIRECTION('',(0.,1.));
#2351 = ( GEOMETRIC_REPRESENTATION_CONTEXT(2) 
PARAMETRIC_REPRESENTATION_CONTEXT() REPRESENTATION_CONTEXT('2D SPACE',''
  ) );
#2352 = ORIENTED_EDGE('',*,*,#2353,.F.);
#2353 = EDGE_CURVE('',#905,#2330,#2354,.T.);
#2354 = SEAM_CURVE('',#2355,(#2359,#2366),.PCURVE_S1.);
#2355 = LINE('',#2356,#2357);
#2356 = CARTESIAN_POINT('',(112.2,3.,245.8));
#2357 = VECTOR('',#2358,1.);
#2358 = DIRECTION('',(0.,1.,2.22044604925E-16));
#2359 = PCURVE('',#921,#2360);
#2360 = DEFINITIONAL_REPRESENTATION('',(#2361),#2365);
#2361 = LINE('',#2362,#2363);
#2362 = CARTESIAN_POINT('',(6.28318530718,-0.));
#2363 = VECTOR('',#2364,1.);
#2364 = DIRECTION('',(0.,1.));
#2365 = ( GEOMETRIC_REPRESENTATION_CONTEXT(2) 
PARAMETRIC_REPRESENTATION_CONTEXT() REPRESENTATION_CONTEXT('2D SPACE',''
  ) );
#2366 = PCURVE('',#921,#2367);
#2367 = DEFINITIONAL_REPRESENTATION('',(#2368),#2372);
#2368 = LINE('',#2369,#2370);
#2369 = CARTESIAN_POINT('',(0.,-0.));
#2370 = VECTOR('',#2371,1.);
#2371 = DIRECTION('',(0.,1.));
#2372 = ( GEOMETRIC_REPRESENTATION_CONTEXT(2) 
PARAMETRIC_REPRESENTATION_CONTEXT() REPRESENTATION_CONTEXT('2D SPACE',''
  ) );
#2373 = ORIENTED_EDGE('',*,*,#904,.T.);
#2374 = ORIENTED_EDGE('',*,*,#2353,.T.);
#2375 = ADVANCED_FACE('',(#2376,#2382,#2385),#1204,.T.);
#2376 = FACE_BOUND('',#2377,.T.);
#2377 = EDGE_LOOP('',(#2378,#2379,#2380,#2381));
#2378 = ORIENTED_EDGE('',*,*,#1237,.F.);
#2379 = ORIENTED_EDGE('',*,*,#1337,.T.);
#2380 = ORIENTED_EDGE('',*,*,#1286,.T.);
#2381 = ORIENTED_EDGE('',*,*,#1189,.F.);
#2382 = FACE_BOUND('',#2383,.T.);
#2383 = EDGE_LOOP('',(#2384));
#2384 = ORIENTED_EDGE('',*,*,#1362,.F.);
#2385 = FACE_BOUND('',#2386,.T.);
#2386 = EDGE_LOOP('',(#2387));
#2387 = ORIENTED_EDGE('',*,*,#1412,.F.);
#2388 = ADVANCED_FACE('',(#2389,#2415,#2441),#1113,.F.);
#2389 = FACE_BOUND('',#2390,.F.);
#2390 = EDGE_LOOP('',(#2391,#2392,#2413,#2414));
#2391 = ORIENTED_EDGE('',*,*,#1538,.F.);
#2392 = ORIENTED_EDGE('',*,*,#2393,.T.);
#2393 = EDGE_CURVE('',#1511,#1678,#2394,.T.);
#2394 = SURFACE_CURVE('',#2395,(#2399,#2406),.PCURVE_S1.);
#2395 = LINE('',#2396,#2397);
#2396 = CARTESIAN_POINT('',(152.,30.,235.8));
#2397 = VECTOR('',#2398,1.);
#2398 = DIRECTION('',(-0.,1.,0.));
#2399 = PCURVE('',#1113,#2400);
#2400 = DEFINITIONAL_REPRESENTATION('',(#2401),#2405);
#2401 = LINE('',#2402,#2403);
#2402 = CARTESIAN_POINT('',(0.,0.));
#2403 = VECTOR('',#2404,1.);
#2404 = DIRECTION('',(0.,-1.));
#2405 = ( GEOMETRIC_REPRESENTATION_CONTEXT(2) 
PARAMETRIC_REPRESENTATION_CONTEXT() REPRESENTATION_CONTEXT('2D SPACE',''
  ) );
#2406 = PCURVE('',#1526,#2407);
#2407 = DEFINITIONAL_REPRESENTATION('',(#2408),#2412);
#2408 = LINE('',#2409,#2410);
#2409 = CARTESIAN_POINT('',(0.,0.));
#2410 = VECTOR('',#2411,1.);
#2411 = DIRECTION('',(0.,1.));
#2412 = ( GEOMETRIC_REPRESENTATION_CONTEXT(2) 
PARAMETRIC_REPRESENTATION_CONTEXT() REPRESENTATION_CONTEXT('2D SPACE',''
  ) );
#2413 = ORIENTED_EDGE('',*,*,#1700,.T.);
#2414 = ORIENTED_EDGE('',*,*,#1098,.F.);
#2415 = FACE_BOUND('',#2416,.F.);
#2416 = EDGE_LOOP('',(#2417));
#2417 = ORIENTED_EDGE('',*,*,#2418,.F.);
#2418 = EDGE_CURVE('',#2419,#2419,#2421,.T.);
#2419 = VERTEX_POINT('',#2420);
#2420 = CARTESIAN_POINT('',(152.,120.,243.6));
#2421 = SURFACE_CURVE('',#2422,(#2427,#2434),.PCURVE_S1.);
#2422 = CIRCLE('',#2423,2.2);
#2423 = AXIS2_PLACEMENT_3D('',#2424,#2425,#2426);
#2424 = CARTESIAN_POINT('',(152.,120.,245.8));
#2425 = DIRECTION('',(1.,0.,2.22044604925E-16));
#2426 = DIRECTION('',(2.22044604925E-16,0.,-1.));
#2427 = PCURVE('',#1113,#2428);
#2428 = DEFINITIONAL_REPRESENTATION('',(#2429),#2433);
#2429 = CIRCLE('',#2430,2.2);
#2430 = AXIS2_PLACEMENT_2D('',#2431,#2432);
#2431 = CARTESIAN_POINT('',(10.,-90.));
#2432 = DIRECTION('',(-1.,0.));
#2433 = ( GEOMETRIC_REPRESENTATION_CONTEXT(2) 
PARAMETRIC_REPRESENTATION_CONTEXT() REPRESENTATION_CONTEXT('2D SPACE',''
  ) );
#2434 = PCURVE('',#1630,#2435);
#2435 = DEFINITIONAL_REPRESENTATION('',(#2436),#2440);
#2436 = LINE('',#2437,#2438);
#2437 = CARTESIAN_POINT('',(0.,1.));
#2438 = VECTOR('',#2439,1.);
#2439 = DIRECTION('',(1.,0.));
#2440 = ( GEOMETRIC_REPRESENTATION_CONTEXT(2) 
PARAMETRIC_REPRESENTATION_CONTEXT() REPRESENTATION_CONTEXT('2D SPACE',''
  ) );
#2441 = FACE_BOUND('',#2442,.F.);
#2442 = EDGE_LOOP('',(#2443));
#2443 = ORIENTED_EDGE('',*,*,#2444,.F.);
#2444 = EDGE_CURVE('',#2445,#2445,#2447,.T.);
#2445 = VERTEX_POINT('',#2446);
#2446 = CARTESIAN_POINT('',(152.,60.,243.6));
#2447 = SURFACE_CURVE('',#2448,(#2453,#2460),.PCURVE_S1.);
#2448 = CIRCLE('',#2449,2.2);
#2449 = AXIS2_PLACEMENT_3D('',#2450,#2451,#2452);
#2450 = CARTESIAN_POINT('',(152.,60.,245.8));
#2451 = DIRECTION('',(1.,0.,2.22044604925E-16));
#2452 = DIRECTION('',(2.22044604925E-16,0.,-1.));
#2453 = PCURVE('',#1113,#2454);
#2454 = DEFINITIONAL_REPRESENTATION('',(#2455),#2459);
#2455 = CIRCLE('',#2456,2.2);
#2456 = AXIS2_PLACEMENT_2D('',#2457,#2458);
#2457 = CARTESIAN_POINT('',(10.,-30.));
#2458 = DIRECTION('',(-1.,0.));
#2459 = ( GEOMETRIC_REPRESENTATION_CONTEXT(2) 
PARAMETRIC_REPRESENTATION_CONTEXT() REPRESENTATION_CONTEXT('2D SPACE',''
  ) );
#2460 = PCURVE('',#1661,#2461);
#2461 = DEFINITIONAL_REPRESENTATION('',(#2462),#2466);
#2462 = LINE('',#2463,#2464);
#2463 = CARTESIAN_POINT('',(0.,1.));
#2464 = VECTOR('',#2465,1.);
#2465 = DIRECTION('',(1.,0.));
#2466 = ( GEOMETRIC_REPRESENTATION_CONTEXT(2) 
PARAMETRIC_REPRESENTATION_CONTEXT() REPRESENTATION_CONTEXT('2D SPACE',''
  ) );
#2467 = ADVANCED_FACE('',(#2468,#2474,#2477),#1023,.T.);
#2468 = FACE_BOUND('',#2469,.T.);
#2469 = EDGE_LOOP('',(#2470,#2471,#2472,#2473));
#2470 = ORIENTED_EDGE('',*,*,#2254,.F.);
#2471 = ORIENTED_EDGE('',*,*,#2228,.F.);
#2472 = ORIENTED_EDGE('',*,*,#2178,.T.);
#2473 = ORIENTED_EDGE('',*,*,#1008,.F.);
#2474 = FACE_BOUND('',#2475,.T.);
#2475 = EDGE_LOOP('',(#2476));
#2476 = ORIENTED_EDGE('',*,*,#2279,.F.);
#2477 = FACE_BOUND('',#2478,.T.);
#2478 = EDGE_LOOP('',(#2479));
#2479 = ORIENTED_EDGE('',*,*,#2329,.F.);
#2480 = ADVANCED_FACE('',(#2481),#1526,.F.);
#2481 = FACE_BOUND('',#2482,.F.);
#2482 = EDGE_LOOP('',(#2483,#2484,#2485,#2486));
#2483 = ORIENTED_EDGE('',*,*,#2393,.F.);
#2484 = ORIENTED_EDGE('',*,*,#1510,.T.);
#2485 = ORIENTED_EDGE('',*,*,#1566,.T.);
#2486 = ORIENTED_EDGE('',*,*,#1677,.F.);
#2487 = ADVANCED_FACE('',(#2488),#1630,.F.);
#2488 = FACE_BOUND('',#2489,.F.);
#2489 = EDGE_LOOP('',(#2490,#2491,#2512,#2513));
#2490 = ORIENTED_EDGE('',*,*,#1613,.F.);
#2491 = ORIENTED_EDGE('',*,*,#2492,.F.);
#2492 = EDGE_CURVE('',#2419,#1614,#2493,.T.);
#2493 = SEAM_CURVE('',#2494,(#2498,#2505),.PCURVE_S1.);
#2494 = LINE('',#2495,#2496);
#2495 = CARTESIAN_POINT('',(151.,120.,243.6));
#2496 = VECTOR('',#2497,1.);
#2497 = DIRECTION('',(1.,0.,2.22044604925E-16));
#2498 = PCURVE('',#1630,#2499);
#2499 = DEFINITIONAL_REPRESENTATION('',(#2500),#2504);
#2500 = LINE('',#2501,#2502);
#2501 = CARTESIAN_POINT('',(6.28318530718,-0.));
#2502 = VECTOR('',#2503,1.);
#2503 = DIRECTION('',(0.,1.));
#2504 = ( GEOMETRIC_REPRESENTATION_CONTEXT(2) 
PARAMETRIC_REPRESENTATION_CONTEXT() REPRESENTATION_CONTEXT('2D SPACE',''
  ) );
#2505 = PCURVE('',#1630,#2506);
#2506 = DEFINITIONAL_REPRESENTATION('',(#2507),#2511);
#2507 = LINE('',#2508,#2509);
#2508 = CARTESIAN_POINT('',(0.,-0.));
#2509 = VECTOR('',#2510,1.);
#2510 = DIRECTION('',(0.,1.));
#2511 = ( GEOMETRIC_REPRESENTATION_CONTEXT(2) 
PARAMETRIC_REPRESENTATION_CONTEXT() REPRESENTATION_CONTEXT('2D SPACE',''
  ) );
#2512 = ORIENTED_EDGE('',*,*,#2418,.T.);
#2513 = ORIENTED_EDGE('',*,*,#2492,.T.);
#2514 = ADVANCED_FACE('',(#2515),#1661,.F.);
#2515 = FACE_BOUND('',#2516,.F.);
#2516 = EDGE_LOOP('',(#2517,#2518,#2539,#2540));
#2517 = ORIENTED_EDGE('',*,*,#1644,.F.);
#2518 = ORIENTED_EDGE('',*,*,#2519,.F.);
#2519 = EDGE_CURVE('',#2445,#1645,#2520,.T.);
#2520 = SEAM_CURVE('',#2521,(#2525,#2532),.PCURVE_S1.);
#2521 = LINE('',#2522,#2523);
#2522 = CARTESIAN_POINT('',(151.,60.,243.6));
#2523 = VECTOR('',#2524,1.);
#2524 = DIRECTION('',(1.,0.,2.22044604925E-16));
#2525 = PCURVE('',#1661,#2526);
#2526 = DEFINITIONAL_REPRESENTATION('',(#2527),#2531);
#2527 = LINE('',#2528,#2529);
#2528 = CARTESIAN_POINT('',(6.28318530718,-0.));
#2529 = VECTOR('',#2530,1.);
#2530 = DIRECTION('',(0.,1.));
#2531 = ( GEOMETRIC_REPRESENTATION_CONTEXT(2) 
PARAMETRIC_REPRESENTATION_CONTEXT() REPRESENTATION_CONTEXT('2D SPACE',''
  ) );
#2532 = PCURVE('',#1661,#2533);
#2533 = DEFINITIONAL_REPRESENTATION('',(#2534),#2538);
#2534 = LINE('',#2535,#2536);
#2535 = CARTESIAN_POINT('',(0.,-0.));
#2536 = VECTOR('',#2537,1.);
#2537 = DIRECTION('',(0.,1.));
#2538 = ( GEOMETRIC_REPRESENTATION_CONTEXT(2) 
PARAMETRIC_REPRESENTATION_CONTEXT() REPRESENTATION_CONTEXT('2D SPACE',''
  ) );
#2539 = ORIENTED_EDGE('',*,*,#2444,.T.);
#2540 = ORIENTED_EDGE('',*,*,#2519,.T.);
#2541 = ADVANCED_FACE('',(#2542),#1813,.T.);
#2542 = FACE_BOUND('',#2543,.T.);
#2543 = EDGE_LOOP('',(#2544,#2545,#2546,#2547));
#2544 = ORIENTED_EDGE('',*,*,#1853,.F.);
#2545 = ORIENTED_EDGE('',*,*,#1799,.T.);
#2546 = ORIENTED_EDGE('',*,*,#1929,.T.);
#2547 = ORIENTED_EDGE('',*,*,#1902,.F.);
#2548 = ADVANCED_FACE('',(#2549),#2014,.T.);
#2549 = FACE_BOUND('',#2550,.T.);
#2550 = EDGE_LOOP('',(#2551,#2552,#2553,#2554));
#2551 = ORIENTED_EDGE('',*,*,#2054,.F.);
#2552 = ORIENTED_EDGE('',*,*,#2000,.T.);
#2553 = ORIENTED_EDGE('',*,*,#2130,.T.);
#2554 = ORIENTED_EDGE('',*,*,#2103,.F.);
#2555 = ( GEOMETRIC_REPRESENTATION_CONTEXT(3) 
GLOBAL_UNCERTAINTY_ASSIGNED_CONTEXT((#2559)) 
GLOBAL_UNIT_ASSIGNED_CONTEXT((#2556,#2557,#2558)) REPRESENTATION_CONTEXT
('Context #1','3D Context with UNIT and UNCERTAINTY') );
#2556 = ( LENGTH_UNIT() NAMED_UNIT(*) SI_UNIT(.MILLI.,.METRE.) );
#2557 = ( NAMED_UNIT(*) PLANE_ANGLE_UNIT() SI_UNIT($,.RADIAN.) );
#2558 = ( NAMED_UNIT(*) SI_UNIT($,.STERADIAN.) SOLID_ANGLE_UNIT() );
#2559 = UNCERTAINTY_MEASURE_WITH_UNIT(LENGTH_MEASURE(1.E-07),#2556,
  'distance_accuracy_value','confusion accuracy');
#2560 = PRODUCT_RELATED_PRODUCT_CATEGORY('part',$,(#7));
ENDSEC;
END-ISO-10303-21;
