solid OpenSCAD_Model
  facet normal 0 -1 0
    outer loop
      vertex 0 0 6
      vertex 4 0 6
      vertex 4 0 12
    endloop
  endfacet
  facet normal 0 0 -1
    outer loop
      vertex 0 0 6
      vertex 0.3076923076923077 20 6
      vertex 4 0 6
    endloop
  endfacet
  facet normal 1 0 0
    outer loop
      vertex 4 0 6
      vertex 4 20 10
      vertex 4 0 12
    endloop
  endfacet
  facet normal 0 0 -1
    outer loop
      vertex 4 0 6
      vertex 0.3076923076923077 20 6
      vertex 4 20 6
    endloop
  endfacet
  facet normal 1 0 0
    outer loop
      vertex 4 0 6
      vertex 4 20 6
      vertex 4 20 10
    endloop
  endfacet
  facet normal 0 0 -1
    outer loop
      vertex 0.3076923076923077 20 6
      vertex 0.3097450559923755 20.13342863950441 6
      vertex 4 20 6
    endloop
  endfacet
  facet normal 0 0 -1
    outer loop
      vertex 0 0 6
      vertex 0 62.53164556962025 6
      vertex 0.3076923076923077 20 6
    endloop
  endfacet
  facet normal 1 0 0
    outer loop
      vertex 4 0 12
      vertex 4 20 10
      vertex 4 76 10
    endloop
  endfacet
  facet normal 0 0 -1
    outer loop
      vertex 0.3076923076923077 20 6
      vertex 0 62.53164556962025 6
      vertex 0.3097450559923755 20.13342863950441 6
    endloop
  endfacet
  facet normal 0 -1 0
    outer loop
      vertex 4 20 6
      vertex 126 20 6
      vertex 4 20 10
    endloop
  endfacet
  facet normal 0 0 -1
    outer loop
      vertex 0.3097450559923755 20.13342863950441 6
      vertex 127.16923076923077 76 6
      vertex 4 20 6
    endloop
  endfacet
  facet normal 0 0 1
    outer loop
      vertex 4 20 10
      vertex 126 20 10
      vertex 4 76 10
    endloop
  endfacet
  facet normal 0 0 -1
    outer loop
      vertex 0.3097450559923755 20.13342863950441 6
      vertex 0 62.53164556962025 6
      vertex 127.16923076923077 76 6
    endloop
  endfacet
  facet normal 0 -1 0
    outer loop
      vertex 0 0 6
      vertex 4 0 152
      vertex 0 0 12
    endloop
  endfacet
  facet normal 0 -1 0
    outer loop
      vertex 0 0 6
      vertex 4 0 12
      vertex 4 0 152
    endloop
  endfacet
  facet normal -1 0 0
    outer loop
      vertex 0 0 12
      vertex 0 46.93466749923474 99.51163165449034
      vertex 0 47.125 99.38445554337724
    endloop
  endfacet
  facet normal -1 0 0
    outer loop
      vertex 0 0 12
      vertex 0 46.76256313292354 99.66256313292355
      vertex 0 46.93466749923474 99.51163165449034
    endloop
  endfacet
  facet normal -1 0 0
    outer loop
      vertex 0 0 12
      vertex 0 46.38321081810525 100.2303039933611
      vertex 0 46.48445554337723 100.025
    endloop
  endfacet
  facet normal -1 0 0
    outer loop
      vertex 0 0 12
      vertex 0 46.30962980399413 100.4470666710706
      vertex 0 46.38321081810525 100.2303039933611
    endloop
  endfacet
  facet normal -1 0 0
    outer loop
      vertex 0 0 12
      vertex 0 46.61163165449034 99.83466749923474
      vertex 0 46.76256313292354 99.66256313292355
    endloop
  endfacet
  facet normal -1 0 0
    outer loop
      vertex 0 0 12
      vertex 0 46.48445554337723 100.025
      vertex 0 46.61163165449034 99.83466749923474
    endloop
  endfacet
  facet normal -1 0 0
    outer loop
      vertex 0 0 12
      vertex 0 47.125 99.38445554337724
      vertex 0 47.33030399336109 99.28321081810526
    endloop
  endfacet
  facet normal -1 0 0
    outer loop
      vertex 0 0 12
      vertex 0 46.26497149259583 100.67157916361492
      vertex 0 46.30962980399413 100.4470666710706
    endloop
  endfacet
  facet normal -1 0 0
    outer loop
      vertex 0 0 12
      vertex 0 46.25 100.9
      vertex 0 46.26497149259583 100.67157916361492
    endloop
  endfacet
  facet normal 1 0 0
    outer loop
      vertex 4 0 12
      vertex 4 124.65753424657534 12
      vertex 4 0 152
    endloop
  endfacet
  facet normal 0 0 -1
    outer loop
      vertex 0 62.53164556962025 6
      vertex 0 76 6
      vertex 1.1692307692307693 76 6
    endloop
  endfacet
  facet normal 0 0 -1
    outer loop
      vertex 0 62.53164556962025 6
      vertex 1.1692307692307693 76 6
      vertex 4 76 6
    endloop
  endfacet
  facet normal -1 0 0
    outer loop
      vertex 0 0 6
      vertex 0 0 12
      vertex 0 260 12
    endloop
  endfacet
  facet normal -1 0 0
    outer loop
      vertex 0 0 6
      vertex 0 260 12
      vertex 0 62.53164556962025 6
    endloop
  endfacet
  facet normal 1 0 0
    outer loop
      vertex 4 0 12
      vertex 4 76 10
      vertex 4 260 6
    endloop
  endfacet
  facet normal 1 0 0
    outer loop
      vertex 4 0 12
      vertex 4 260 6
      vertex 4 124.65753424657534 12
    endloop
  endfacet
  facet normal -1 0 0
    outer loop
      vertex 0 0 12
      vertex 0 47.33030399336109 99.28321081810526
      vertex 0 260 12
    endloop
  endfacet
  facet normal 0 0 -1
    outer loop
      vertex 0 62.53164556962025 6
      vertex 4 76 6
      vertex 126 76 6
    endloop
  endfacet
  facet normal 0 1 0
    outer loop
      vertex 4 76 6
      vertex 4 76 10
      vertex 126 76 10
    endloop
  endfacet
  facet normal 1 0 0
    outer loop
      vertex 4 124.65753424657534 12
      vertex 4 46.93466749923474 99.51163165449034
      vertex 4 46.76256313292354 99.66256313292355
    endloop
  endfacet
  facet normal 1 0 0
    outer loop
      vertex 4 124.65753424657534 12
      vertex 4 47.33030399336109 99.28321081810526
      vertex 4 47.125 99.38445554337724
    endloop
  endfacet
  facet normal 1 0 0
    outer loop
      vertex 4 124.65753424657534 12
      vertex 4 47.125 99.38445554337724
      vertex 4 46.93466749923474 99.51163165449034
    endloop
  endfacet
  facet normal 1 0 0
    outer loop
      vertex 4 124.65753424657534 12
      vertex 4 47.77157916361491 99.16497149259584
      vertex 4 47.54706667107059 99.20962980399413
    endloop
  endfacet
  facet normal 1 0 0
    outer loop
      vertex 4 124.65753424657534 12
      vertex 4 48.22842083638509 99.16497149259584
      vertex 4 48 99.15
    endloop
  endfacet
  facet normal 1 0 0
    outer loop
      vertex 4 124.65753424657534 12
      vertex 4 48 99.15
      vertex 4 47.77157916361491 99.16497149259584
    endloop
  endfacet
  facet normal 1 0 0
    outer loop
      vertex 4 124.65753424657534 12
      vertex 4 47.54706667107059 99.20962980399413
      vertex 4 47.33030399336109 99.28321081810526
    endloop
  endfacet
  facet normal 1 0 0
    outer loop
      vertex 4 124.65753424657534 12
      vertex 4 48.45293332892941 99.20962980399413
      vertex 4 48.22842083638509 99.16497149259584
    endloop
  endfacet
  facet normal 1 0 0
    outer loop
      vertex 4 124.65753424657534 12
      vertex 4 48.875 99.38445554337724
      vertex 4 48.66969600663891 99.28321081810526
    endloop
  endfacet
  facet normal 1 0 0
    outer loop
      vertex 4 124.65753424657534 12
      vertex 4 48.66969600663891 99.28321081810526
      vertex 4 48.45293332892941 99.20962980399413
    endloop
  endfacet
  facet normal 1 0 0
    outer loop
      vertex 4 124.65753424657534 12
      vertex 4 49.06533250076526 99.51163165449034
      vertex 4 48.875 99.38445554337724
    endloop
  endfacet
  facet normal 1 0 0
    outer loop
      vertex 4 124.65753424657534 12
      vertex 4 49.23743686707646 99.66256313292355
      vertex 4 49.06533250076526 99.51163165449034
    endloop
  endfacet
  facet normal 1 0 0
    outer loop
      vertex 4 124.65753424657534 12
      vertex 4 49.38836834550966 99.83466749923474
      vertex 4 49.23743686707646 99.66256313292355
    endloop
  endfacet
  facet normal 1 0 0
    outer loop
      vertex 4 124.65753424657534 12
      vertex 4 49.51554445662277 100.025
      vertex 4 49.38836834550966 99.83466749923474
    endloop
  endfacet
  facet normal 1 0 0
    outer loop
      vertex 4 124.65753424657534 12
      vertex 4 49.61678918189475 100.2303039933611
      vertex 4 49.51554445662277 100.025
    endloop
  endfacet
  facet normal 1 0 0
    outer loop
      vertex 4 124.65753424657534 12
      vertex 4 49.69037019600587 100.4470666710706
      vertex 4 49.61678918189475 100.2303039933611
    endloop
  endfacet
  facet normal 1 0 0
    outer loop
      vertex 4 124.65753424657534 12
      vertex 4 49.73502850740417 100.67157916361492
      vertex 4 49.69037019600587 100.4470666710706
    endloop
  endfacet
  facet normal 1 0 0
    outer loop
      vertex 4 124.65753424657534 12
      vertex 4 49.75 100.9
      vertex 4 49.73502850740417 100.67157916361492
    endloop
  endfacet
  facet normal 1 0 0
    outer loop
      vertex 4 249.31506849315068 12
      vertex 4 49.73502850740417 101.12842083638509
      vertex 4 49.75 100.9
    endloop
  endfacet
  facet normal 1 0 0
    outer loop
      vertex 4 249.31506849315068 12
      vertex 4 49.69037019600587 101.35293332892941
      vertex 4 49.73502850740417 101.12842083638509
    endloop
  endfacet
  facet normal 1 0 0
    outer loop
      vertex 4 249.31506849315068 12
      vertex 4 49.61678918189475 101.5696960066389
      vertex 4 49.69037019600587 101.35293332892941
    endloop
  endfacet
  facet normal 1 0 0
    outer loop
      vertex 4 249.31506849315068 12
      vertex 4 49.51554445662277 101.775
      vertex 4 49.61678918189475 101.5696960066389
    endloop
  endfacet
  facet normal 1 0 0
    outer loop
      vertex 4 249.31506849315068 12
      vertex 4 49.23743686707646 102.13743686707646
      vertex 4 49.38836834550966 101.96533250076527
    endloop
  endfacet
  facet normal 1 0 0
    outer loop
      vertex 4 249.31506849315068 12
      vertex 4 49.38836834550966 101.96533250076527
      vertex 4 49.51554445662277 101.775
    endloop
  endfacet
  facet normal -1 0 0
    outer loop
      vertex 0 260 12
      vertex 0 47.33030399336109 99.28321081810526
      vertex 0 47.54706667107059 99.20962980399413
    endloop
  endfacet
  facet normal -1 0 0
    outer loop
      vertex 0 260 12
      vertex 0 47.54706667107059 99.20962980399413
      vertex 0 47.77157916361491 99.16497149259584
    endloop
  endfacet
  facet normal -1 0 0
    outer loop
      vertex 0 260 12
      vertex 0 47.77157916361491 99.16497149259584
      vertex 0 48 99.15
    endloop
  endfacet
  facet normal -1 0 0
    outer loop
      vertex 0 260 12
      vertex 0 48 99.15
      vertex 0 48.22842083638509 99.16497149259584
    endloop
  endfacet
  facet normal -1 0 0
    outer loop
      vertex 0 260 12
      vertex 0 48.22842083638509 99.16497149259584
      vertex 0 48.45293332892941 99.20962980399413
    endloop
  endfacet
  facet normal -1 0 0
    outer loop
      vertex 0 260 12
      vertex 0 48.45293332892941 99.20962980399413
      vertex 0 48.66969600663891 99.28321081810526
    endloop
  endfacet
  facet normal -1 0 0
    outer loop
      vertex 0 260 12
      vertex 0 48.66969600663891 99.28321081810526
      vertex 0 48.875 99.38445554337724
    endloop
  endfacet
  facet normal -1 0 0
    outer loop
      vertex 0 260 12
      vertex 0 48.875 99.38445554337724
      vertex 0 49.06533250076526 99.51163165449034
    endloop
  endfacet
  facet normal -1 0 0
    outer loop
      vertex 0 260 12
      vertex 0 49.06533250076526 99.51163165449034
      vertex 0 49.23743686707646 99.66256313292355
    endloop
  endfacet
  facet normal -1 0 0
    outer loop
      vertex 0 260 12
      vertex 0 49.23743686707646 99.66256313292355
      vertex 0 49.38836834550966 99.83466749923474
    endloop
  endfacet
  facet normal -1 0 0
    outer loop
      vertex 0 260 12
      vertex 0 49.38836834550966 99.83466749923474
      vertex 0 49.51554445662277 100.025
    endloop
  endfacet
  facet normal -1 0 0
    outer loop
      vertex 0 260 12
      vertex 0 49.51554445662277 100.025
      vertex 0 49.61678918189475 100.2303039933611
    endloop
  endfacet
  facet normal -1 0 0
    outer loop
      vertex 0 260 12
      vertex 0 49.61678918189475 100.2303039933611
      vertex 0 49.69037019600587 100.4470666710706
    endloop
  endfacet
  facet normal -1 0 0
    outer loop
      vertex 0 260 12
      vertex 0 49.69037019600587 100.4470666710706
      vertex 0 49.73502850740417 100.67157916361492
    endloop
  endfacet
  facet normal -1 0 0
    outer loop
      vertex 0 260 12
      vertex 0 49.73502850740417 100.67157916361492
      vertex 0 49.75 100.9
    endloop
  endfacet
  facet normal -1 0 0
    outer loop
      vertex 0 260 12
      vertex 0 49.75 100.9
      vertex 0 49.73502850740417 101.12842083638509
    endloop
  endfacet
  facet normal -1 0 0
    outer loop
      vertex 0 260 12
      vertex 0 49.73502850740417 101.12842083638509
      vertex 0 49.69037019600587 101.35293332892941
    endloop
  endfacet
  facet normal -1 0 0
    outer loop
      vertex 0 260 12
      vertex 0 49.69037019600587 101.35293332892941
      vertex 0 49.61678918189475 101.5696960066389
    endloop
  endfacet
  facet normal -1 0 0
    outer loop
      vertex 0 260 12
      vertex 0 49.61678918189475 101.5696960066389
      vertex 0 49.51554445662277 101.775
    endloop
  endfacet
  facet normal -1 0 0
    outer loop
      vertex 0 260 12
      vertex 0 49.23743686707646 102.13743686707646
      vertex 0 49.06533250076526 102.28836834550967
    endloop
  endfacet
  facet normal -1 0 0
    outer loop
      vertex 0 260 12
      vertex 0 49.38836834550966 101.96533250076527
      vertex 0 49.23743686707646 102.13743686707646
    endloop
  endfacet
  facet normal -1 0 0
    outer loop
      vertex 0 260 12
      vertex 0 49.51554445662277 101.775
      vertex 0 49.38836834550966 101.96533250076527
    endloop
  endfacet
  facet normal -1 0 0
    outer loop
      vertex 0 260 12
      vertex 0 49.06533250076526 102.28836834550967
      vertex 0 48.875 102.41554445662277
    endloop
  endfacet
  facet normal -1 0 0
    outer loop
      vertex 0 260 12
      vertex 0 48.875 102.41554445662277
      vertex 0 48.66969600663891 102.51678918189475
    endloop
  endfacet
  facet normal 0 -1 0
    outer loop
      vertex 4 20 10
      vertex 126 20 6
      vertex 126 20 10
    endloop
  endfacet
  facet normal 0 0 -1
    outer loop
      vertex 4 20 6
      vertex 127.16923076923077 76 6
      vertex 126 20 6
    endloop
  endfacet
  facet normal 0 0 1
    outer loop
      vertex 4 76 10
      vertex 126 20 10
      vertex 126 76 10
    endloop
  endfacet
  facet normal 0 0 -1
    outer loop
      vertex 126 0 6
      vertex 126 20 6
      vertex 126.3076923076923 20 6
    endloop
  endfacet
  facet normal -1 0 0
    outer loop
      vertex 126 0 6
      vertex 126 20 10
      vertex 126 20 6
    endloop
  endfacet
  facet normal 0 0 -1
    outer loop
      vertex 126 0 6
      vertex 126.3076923076923 20 6
      vertex 130 0 6
    endloop
  endfacet
  facet normal 0 0 -1
    outer loop
      vertex 130 0 6
      vertex 126.3076923076923 20 6
      vertex 127.16923076923077 76 6
    endloop
  endfacet
  facet normal 0 0 -1
    outer loop
      vertex 126 20 6
      vertex 127.16923076923077 76 6
      vertex 126.3076923076923 20 6
    endloop
  endfacet
  facet normal 0 -1 0
    outer loop
      vertex 126 0 6
      vertex 130 0 6
      vertex 130 0 152
    endloop
  endfacet
  facet normal -1 0 0
    outer loop
      vertex 126 0 6
      vertex 126 46.93466749923474 99.51163165449034
      vertex 126 47.125 99.38445554337724
    endloop
  endfacet
  facet normal -1 0 0
    outer loop
      vertex 126 0 6
      vertex 126 46.76256313292354 99.66256313292355
      vertex 126 46.93466749923474 99.51163165449034
    endloop
  endfacet
  facet normal -1 0 0
    outer loop
      vertex 126 0 6
      vertex 126 46.61163165449034 99.83466749923474
      vertex 126 46.76256313292354 99.66256313292355
    endloop
  endfacet
  facet normal -1 0 0
    outer loop
      vertex 126 0 6
      vertex 126 46.48445554337723 100.025
      vertex 126 46.61163165449034 99.83466749923474
    endloop
  endfacet
  facet normal -1 0 0
    outer loop
      vertex 126 0 6
      vertex 126 47.54706667107059 99.20962980399413
      vertex 126 47.77157916361491 99.16497149259584
    endloop
  endfacet
  facet normal -1 0 0
    outer loop
      vertex 126 0 6
      vertex 126 47.77157916361491 99.16497149259584
      vertex 126 48 99.15
    endloop
  endfacet
  facet normal -1 0 0
    outer loop
      vertex 126 0 6
      vertex 126 48 99.15
      vertex 126 48.22842083638509 99.16497149259584
    endloop
  endfacet
  facet normal -1 0 0
    outer loop
      vertex 126 0 6
      vertex 126 48.22842083638509 99.16497149259584
      vertex 126 48.45293332892941 99.20962980399413
    endloop
  endfacet
  facet normal -1 0 0
    outer loop
      vertex 126 0 6
      vertex 126 47.125 99.38445554337724
      vertex 126 47.33030399336109 99.28321081810526
    endloop
  endfacet
  facet normal -1 0 0
    outer loop
      vertex 126 0 6
      vertex 126 47.33030399336109 99.28321081810526
      vertex 126 47.54706667107059 99.20962980399413
    endloop
  endfacet
  facet normal -1 0 0
    outer loop
      vertex 126 0 6
      vertex 126 46.38321081810525 100.2303039933611
      vertex 126 46.48445554337723 100.025
    endloop
  endfacet
  facet normal -1 0 0
    outer loop
      vertex 126 0 6
      vertex 126 46.30962980399413 100.4470666710706
      vertex 126 46.38321081810525 100.2303039933611
    endloop
  endfacet
  facet normal -1 0 0
    outer loop
      vertex 126 0 6
      vertex 126 46.26497149259583 100.67157916361492
      vertex 126 46.30962980399413 100.4470666710706
    endloop
  endfacet
  facet normal -1 0 0
    outer loop
      vertex 126 0 6
      vertex 126 46.25 100.9
      vertex 126 46.26497149259583 100.67157916361492
    endloop
  endfacet
  facet normal 1 0 0
    outer loop
      vertex 130 0 6
      vertex 130 47.125 99.38445554337724
      vertex 130 46.93466749923474 99.51163165449034
    endloop
  endfacet
  facet normal 1 0 0
    outer loop
      vertex 130 0 6
      vertex 130 46.93466749923474 99.51163165449034
      vertex 130 46.76256313292354 99.66256313292355
    endloop
  endfacet
  facet normal 1 0 0
    outer loop
      vertex 130 0 6
      vertex 130 48 99.15
      vertex 130 47.77157916361491 99.16497149259584
    endloop
  endfacet
  facet normal 1 0 0
    outer loop
      vertex 130 0 6
      vertex 130 47.77157916361491 99.16497149259584
      vertex 130 47.54706667107059 99.20962980399413
    endloop
  endfacet
  facet normal 1 0 0
    outer loop
      vertex 130 0 6
      vertex 130 48.45293332892941 99.20962980399413
      vertex 130 48.22842083638509 99.16497149259584
    endloop
  endfacet
  facet normal 1 0 0
    outer loop
      vertex 130 0 6
      vertex 130 48.22842083638509 99.16497149259584
      vertex 130 48 99.15
    endloop
  endfacet
  facet normal 1 0 0
    outer loop
      vertex 130 0 6
      vertex 130 47.54706667107059 99.20962980399413
      vertex 130 47.33030399336109 99.28321081810526
    endloop
  endfacet
  facet normal 1 0 0
    outer loop
      vertex 130 0 6
      vertex 130 47.33030399336109 99.28321081810526
      vertex 130 47.125 99.38445554337724
    endloop
  endfacet
  facet normal 1 0 0
    outer loop
      vertex 130 0 6
      vertex 130 48.66969600663891 99.28321081810526
      vertex 130 48.45293332892941 99.20962980399413
    endloop
  endfacet
  facet normal 1 0 0
    outer loop
      vertex 130 0 6
      vertex 130 49.06533250076526 99.51163165449034
      vertex 130 48.875 99.38445554337724
    endloop
  endfacet
  facet normal 1 0 0
    outer loop
      vertex 130 0 6
      vertex 130 48.875 99.38445554337724
      vertex 130 48.66969600663891 99.28321081810526
    endloop
  endfacet
  facet normal 1 0 0
    outer loop
      vertex 130 0 6
      vertex 130 49.23743686707646 99.66256313292355
      vertex 130 49.06533250076526 99.51163165449034
    endloop
  endfacet
  facet normal 1 0 0
    outer loop
      vertex 130 0 6
      vertex 130 49.38836834550966 99.83466749923474
      vertex 130 49.23743686707646 99.66256313292355
    endloop
  endfacet
  facet normal 1 0 0
    outer loop
      vertex 130 0 6
      vertex 130 49.51554445662277 100.025
      vertex 130 49.38836834550966 99.83466749923474
    endloop
  endfacet
  facet normal 0 0 -1
    outer loop
      vertex 0 62.53164556962025 6
      vertex 126 76 6
      vertex 127.16923076923077 76 6
    endloop
  endfacet
  facet normal 0 1 0
    outer loop
      vertex 4 76 6
      vertex 126 76 10
      vertex 126 76 6
    endloop
  endfacet
  facet normal 0 0 -1
    outer loop
      vertex 130 0 6
      vertex 127.16923076923077 76 6
      vertex 130 260 6
    endloop
  endfacet
  facet normal 1 0 0
    outer loop
      vertex 130 0 6
      vertex 130 260 6
      vertex 130 49.51554445662277 100.025
    endloop
  endfacet
  facet normal -1 0 0
    outer loop
      vertex 126 0 6
      vertex 126 260 152
      vertex 126 20 10
    endloop
  endfacet
  facet normal -1 0 0
    outer loop
      vertex 126 20 10
      vertex 126 260 152
      vertex 126 76 10
    endloop
  endfacet
  facet normal 1 0 0
    outer loop
      vertex 130 260 6
      vertex 130 49.61678918189475 100.2303039933611
      vertex 130 49.51554445662277 100.025
    endloop
  endfacet
  facet normal 1 0 0
    outer loop
      vertex 130 260 6
      vertex 130 49.69037019600587 100.4470666710706
      vertex 130 49.61678918189475 100.2303039933611
    endloop
  endfacet
  facet normal 1 0 0
    outer loop
      vertex 130 260 6
      vertex 130 49.73502850740417 100.67157916361492
      vertex 130 49.69037019600587 100.4470666710706
    endloop
  endfacet
  facet normal 1 0 0
    outer loop
      vertex 130 260 6
      vertex 130 49.75 100.9
      vertex 130 49.73502850740417 100.67157916361492
    endloop
  endfacet
  facet normal 1 0 0
    outer loop
      vertex 130 260 6
      vertex 130 49.73502850740417 101.12842083638509
      vertex 130 49.75 100.9
    endloop
  endfacet
  facet normal 1 0 0
    outer loop
      vertex 130 260 6
      vertex 130 49.69037019600587 101.35293332892941
      vertex 130 49.73502850740417 101.12842083638509
    endloop
  endfacet
  facet normal 1 0 0
    outer loop
      vertex 130 260 6
      vertex 130 49.61678918189475 101.5696960066389
      vertex 130 49.69037019600587 101.35293332892941
    endloop
  endfacet
  facet normal 1 0 0
    outer loop
      vertex 130 260 6
      vertex 130 49.51554445662277 101.775
      vertex 130 49.61678918189475 101.5696960066389
    endloop
  endfacet
  facet normal 1 0 0
    outer loop
      vertex 130 260 6
      vertex 130 48.875 102.41554445662277
      vertex 130 49.06533250076526 102.28836834550967
    endloop
  endfacet
  facet normal 1 0 0
    outer loop
      vertex 130 260 6
      vertex 130 48.66969600663891 102.51678918189475
      vertex 130 48.875 102.41554445662277
    endloop
  endfacet
  facet normal 1 0 0
    outer loop
      vertex 130 260 6
      vertex 130 49.06533250076526 102.28836834550967
      vertex 130 49.23743686707646 102.13743686707646
    endloop
  endfacet
  facet normal 1 0 0
    outer loop
      vertex 130 260 6
      vertex 130 49.23743686707646 102.13743686707646
      vertex 130 49.38836834550966 101.96533250076527
    endloop
  endfacet
  facet normal 1 0 0
    outer loop
      vertex 130 260 6
      vertex 130 49.38836834550966 101.96533250076527
      vertex 130 49.51554445662277 101.775
    endloop
  endfacet
  facet normal -1 0 0
    outer loop
      vertex 0 0 12
      vertex 0 0 152
      vertex 0 46.25 100.9
    endloop
  endfacet
  facet normal 0 -1 0
    outer loop
      vertex 0 0 12
      vertex 4 0 152
      vertex 0 0 152
    endloop
  endfacet
  facet normal 1 0 0
    outer loop
      vertex 4 124.65753424657534 12
      vertex 4 46.76256313292354 99.66256313292355
      vertex 4 0 152
    endloop
  endfacet
  facet normal 0 0.4422886902189967 0.8968727415326906
    outer loop
      vertex 0 47.125 99.38445554337724
      vertex 4 47.125 99.38445554337724
      vertex 0 47.33030399336109 99.28321081810526
    endloop
  endfacet
  facet normal 0 0.5555702330195935 0.831469612302551
    outer loop
      vertex 0 46.93466749923474 99.51163165449034
      vertex 4 46.93466749923474 99.51163165449034
      vertex 0 47.125 99.38445554337724
    endloop
  endfacet
  facet normal 0 0.19509032201610832 0.9807852804032344
    outer loop
      vertex 0 47.54706667107059 99.20962980399413
      vertex 4 47.54706667107059 99.20962980399413
      vertex 0 47.77157916361491 99.16497149259584
    endloop
  endfacet
  facet normal 0 0.321439465303198 0.9469301294950933
    outer loop
      vertex 0 47.33030399336109 99.28321081810526
      vertex 4 47.33030399336109 99.28321081810526
      vertex 0 47.54706667107059 99.20962980399413
    endloop
  endfacet
  facet normal 0 0.0654031292301505 0.997858923238603
    outer loop
      vertex 0 47.77157916361491 99.16497149259584
      vertex 4 47.77157916361491 99.16497149259584
      vertex 0 48 99.15
    endloop
  endfacet
  facet normal 0 -0.0654031292301505 0.997858923238603
    outer loop
      vertex 0 48 99.15
      vertex 4 48 99.15
      vertex 0 48.22842083638509 99.16497149259584
    endloop
  endfacet
  facet normal 0 -0.19509032201610832 0.9807852804032344
    outer loop
      vertex 0 48.22842083638509 99.16497149259584
      vertex 4 48.22842083638509 99.16497149259584
      vertex 0 48.45293332892941 99.20962980399413
    endloop
  endfacet
  facet normal 0 -0.321439465303198 0.9469301294950933
    outer loop
      vertex 0 48.45293332892941 99.20962980399413
      vertex 4 48.45293332892941 99.20962980399413
      vertex 0 48.66969600663891 99.28321081810526
    endloop
  endfacet
  facet normal 0 -0.4422886902189967 0.8968727415326906
    outer loop
      vertex 0 48.66969600663891 99.28321081810526
      vertex 4 48.66969600663891 99.28321081810526
      vertex 0 48.875 99.38445554337724
    endloop
  endfacet
  facet normal -1.0516260864162092e-18 0.5555702330195935 0.831469612302551
    outer loop
      vertex 4 46.93466749923474 99.51163165449034
      vertex 4 47.125 99.38445554337724
      vertex 0 47.125 99.38445554337724
    endloop
  endfacet
  facet normal 4.090494858290734e-19 0.321439465303198 0.9469301294950933
    outer loop
      vertex 4 47.33030399336109 99.28321081810526
      vertex 4 47.54706667107059 99.20962980399413
      vertex 0 47.54706667107059 99.20962980399413
    endloop
  endfacet
  facet normal -5.155326865545531e-19 0.19509032201610832 0.9807852804032344
    outer loop
      vertex 4 47.54706667107059 99.20962980399413
      vertex 4 47.77157916361491 99.16497149259584
      vertex 0 47.77157916361491 99.16497149259584
    endloop
  endfacet
  facet normal 1.7386446449024034e-18 0.4422886902189967 0.8968727415326906
    outer loop
      vertex 4 47.125 99.38445554337724
      vertex 4 47.33030399336109 99.28321081810526
      vertex 0 47.33030399336109 99.28321081810526
    endloop
  endfacet
  facet normal 2.92254681541486e-20 0.0654031292301505 0.997858923238603
    outer loop
      vertex 4 47.77157916361491 99.16497149259584
      vertex 4 48 99.15
      vertex 0 48 99.15
    endloop
  endfacet
  facet normal -2.92254681541486e-20 -0.0654031292301505 0.997858923238603
    outer loop
      vertex 4 48 99.15
      vertex 4 48.22842083638509 99.16497149259584
      vertex 0 48.22842083638509 99.16497149259584
    endloop
  endfacet
  facet normal 5.155326865545531e-19 -0.19509032201610832 0.9807852804032344
    outer loop
      vertex 4 48.22842083638509 99.16497149259584
      vertex 4 48.45293332892941 99.20962980399413
      vertex 0 48.45293332892941 99.20962980399413
    endloop
  endfacet
  facet normal -4.090494858290734e-19 -0.321439465303198 0.9469301294950933
    outer loop
      vertex 4 48.45293332892941 99.20962980399413
      vertex 4 48.66969600663891 99.28321081810526
      vertex 0 48.66969600663891 99.28321081810526
    endloop
  endfacet
  facet normal 0 0.7518398074789673 0.6593458151000803
    outer loop
      vertex 0 46.61163165449034 99.83466749923474
      vertex 4 46.61163165449034 99.83466749923474
      vertex 0 46.76256313292354 99.66256313292355
    endloop
  endfacet
  facet normal 1.7612456672033556e-18 0.8314696123025462 0.5555702330196006
    outer loop
      vertex 0 46.61163165449034 99.83466749923474
      vertex 0 46.48445554337723 100.025
      vertex 4 46.48445554337723 100.025
    endloop
  endfacet
  facet normal 4.1550818753665095e-19 0.8968727415326967 0.44228869021898437
    outer loop
      vertex 0 46.48445554337723 100.025
      vertex 0 46.38321081810525 100.2303039933611
      vertex 4 46.38321081810525 100.2303039933611
    endloop
  endfacet
  facet normal 1.4367733887507788e-19 0.9469301294951027 0.32143946530317014
    outer loop
      vertex 0 46.38321081810525 100.2303039933611
      vertex 0 46.30962980399413 100.4470666710706
      vertex 4 46.30962980399413 100.4470666710706
    endloop
  endfacet
  facet normal -5.155326865545531e-19 0.9807852804032344 0.19509032201610832
    outer loop
      vertex 0 46.30962980399413 100.4470666710706
      vertex 0 46.26497149259583 100.67157916361492
      vertex 4 46.26497149259583 100.67157916361492
    endloop
  endfacet
  facet normal 1.679695624159502e-19 0.9978589232386028 0.06540312923015253
    outer loop
      vertex 0 46.26497149259583 100.67157916361492
      vertex 0 46.25 100.9
      vertex 4 46.25 100.9
    endloop
  endfacet
  facet normal -1.679695624159502e-19 0.9978589232386028 -0.06540312923015253
    outer loop
      vertex 0 46.25 100.9
      vertex 0 46.26497149259583 101.12842083638509
      vertex 4 46.26497149259583 101.12842083638509
    endloop
  endfacet
  facet normal 5.155326865545531e-19 0.9807852804032344 -0.19509032201610832
    outer loop
      vertex 0 46.26497149259583 101.12842083638509
      vertex 0 46.30962980399413 101.35293332892941
      vertex 4 46.30962980399413 101.35293332892941
    endloop
  endfacet
  facet normal -1.4367733887507788e-19 0.9469301294951027 -0.32143946530317014
    outer loop
      vertex 0 46.30962980399413 101.35293332892941
      vertex 0 46.38321081810525 101.5696960066389
      vertex 4 46.38321081810525 101.5696960066389
    endloop
  endfacet
  facet normal -4.1550818753665095e-19 0.8968727415326967 -0.44228869021898437
    outer loop
      vertex 0 46.38321081810525 101.5696960066389
      vertex 0 46.48445554337723 101.775
      vertex 4 46.48445554337723 101.775
    endloop
  endfacet
  facet normal -1.4302873322411368e-18 0.6593458151000672 0.751839807478979
    outer loop
      vertex 0 46.93466749923474 99.51163165449034
      vertex 0 46.76256313292354 99.66256313292355
      vertex 4 46.76256313292354 99.66256313292355
    endloop
  endfacet
  facet normal 0 0.7518398074789673 0.6593458151000803
    outer loop
      vertex 0 46.76256313292354 99.66256313292355
      vertex 4 46.61163165449034 99.83466749923474
      vertex 4 46.76256313292354 99.66256313292355
    endloop
  endfacet
  facet normal 0 0.8968727415326967 0.44228869021898437
    outer loop
      vertex 0 46.48445554337723 100.025
      vertex 4 46.38321081810525 100.2303039933611
      vertex 4 46.48445554337723 100.025
    endloop
  endfacet
  facet normal 0 0.8314696123025462 0.5555702330196006
    outer loop
      vertex 4 46.61163165449034 99.83466749923474
      vertex 0 46.61163165449034 99.83466749923474
      vertex 4 46.48445554337723 100.025
    endloop
  endfacet
  facet normal 0 0.9469301294951027 0.32143946530317014
    outer loop
      vertex 4 46.38321081810525 100.2303039933611
      vertex 0 46.38321081810525 100.2303039933611
      vertex 4 46.30962980399413 100.4470666710706
    endloop
  endfacet
  facet normal 0 0.9807852804032344 0.19509032201610832
    outer loop
      vertex 4 46.30962980399413 100.4470666710706
      vertex 0 46.30962980399413 100.4470666710706
      vertex 4 46.26497149259583 100.67157916361492
    endloop
  endfacet
  facet normal 0 0.9978589232386028 0.06540312923015253
    outer loop
      vertex 4 46.26497149259583 100.67157916361492
      vertex 0 46.26497149259583 100.67157916361492
      vertex 4 46.25 100.9
    endloop
  endfacet
  facet normal 0 0.9978589232386028 -0.06540312923015253
    outer loop
      vertex 4 46.25 100.9
      vertex 0 46.25 100.9
      vertex 4 46.26497149259583 101.12842083638509
    endloop
  endfacet
  facet normal 0 0.9807852804032344 -0.19509032201610832
    outer loop
      vertex 4 46.26497149259583 101.12842083638509
      vertex 0 46.26497149259583 101.12842083638509
      vertex 4 46.30962980399413 101.35293332892941
    endloop
  endfacet
  facet normal 0 0.9469301294951027 -0.32143946530317014
    outer loop
      vertex 4 46.30962980399413 101.35293332892941
      vertex 0 46.30962980399413 101.35293332892941
      vertex 4 46.38321081810525 101.5696960066389
    endloop
  endfacet
  facet normal 0 0.8968727415326967 -0.44228869021898437
    outer loop
      vertex 4 46.38321081810525 101.5696960066389
      vertex 0 46.38321081810525 101.5696960066389
      vertex 4 46.48445554337723 101.775
    endloop
  endfacet
  facet normal -1.4302873322411368e-18 0.6593458151000672 0.751839807478979
    outer loop
      vertex 4 46.76256313292354 99.66256313292355
      vertex 4 46.93466749923474 99.51163165449034
      vertex 0 46.93466749923474 99.51163165449034
    endloop
  endfacet
  facet normal -1.7612456672033556e-18 0.8314696123025462 -0.5555702330196006
    outer loop
      vertex 0 46.48445554337723 101.775
      vertex 0 46.61163165449034 101.96533250076527
      vertex 4 46.61163165449034 101.96533250076527
    endloop
  endfacet
  facet normal -1.1655269965592077e-18 0.7518398074789673 -0.6593458151000803
    outer loop
      vertex 0 46.61163165449034 101.96533250076527
      vertex 0 46.76256313292354 102.13743686707646
      vertex 4 46.76256313292354 102.13743686707646
    endloop
  endfacet
  facet normal 1.4302873322411368e-18 0.6593458151000672 -0.751839807478979
    outer loop
      vertex 0 46.76256313292354 102.13743686707646
      vertex 0 46.93466749923474 102.28836834550967
      vertex 4 46.93466749923474 102.28836834550967
    endloop
  endfacet
  facet normal 1.0516260864162092e-18 0.5555702330195935 -0.831469612302551
    outer loop
      vertex 0 46.93466749923474 102.28836834550967
      vertex 0 47.125 102.41554445662277
      vertex 4 47.125 102.41554445662277
    endloop
  endfacet
  facet normal -1.7386446449024034e-18 0.4422886902189967 -0.8968727415326906
    outer loop
      vertex 0 47.125 102.41554445662277
      vertex 0 47.33030399336109 102.51678918189475
      vertex 4 47.33030399336109 102.51678918189475
    endloop
  endfacet
  facet normal -4.090494858290734e-19 0.321439465303198 -0.9469301294950933
    outer loop
      vertex 0 47.33030399336109 102.51678918189475
      vertex 0 47.54706667107059 102.59037019600588
      vertex 4 47.54706667107059 102.59037019600588
    endloop
  endfacet
  facet normal 5.155326865545531e-19 0.19509032201610832 -0.9807852804032344
    outer loop
      vertex 0 47.54706667107059 102.59037019600588
      vertex 0 47.77157916361491 102.63502850740417
      vertex 4 47.77157916361491 102.63502850740417
    endloop
  endfacet
  facet normal -2.92254681541486e-20 0.0654031292301505 -0.997858923238603
    outer loop
      vertex 0 47.77157916361491 102.63502850740417
      vertex 0 48 102.65
      vertex 4 48 102.65
    endloop
  endfacet
  facet normal 2.92254681541486e-20 -0.0654031292301505 -0.997858923238603
    outer loop
      vertex 0 48 102.65
      vertex 0 48.22842083638509 102.63502850740417
      vertex 4 48.22842083638509 102.63502850740417
    endloop
  endfacet
  facet normal -5.155326865545531e-19 -0.19509032201610832 -0.9807852804032344
    outer loop
      vertex 0 48.22842083638509 102.63502850740417
      vertex 0 48.45293332892941 102.59037019600588
      vertex 4 48.45293332892941 102.59037019600588
    endloop
  endfacet
  facet normal 4.090494858290734e-19 -0.321439465303198 -0.9469301294950933
    outer loop
      vertex 0 48.45293332892941 102.59037019600588
      vertex 0 48.66969600663891 102.51678918189475
      vertex 4 48.66969600663891 102.51678918189475
    endloop
  endfacet
  facet normal 0 0.8314696123025462 -0.5555702330196006
    outer loop
      vertex 4 46.48445554337723 101.775
      vertex 0 46.48445554337723 101.775
      vertex 4 46.61163165449034 101.96533250076527
    endloop
  endfacet
  facet normal 0 0.7518398074789673 -0.6593458151000803
    outer loop
      vertex 4 46.61163165449034 101.96533250076527
      vertex 0 46.61163165449034 101.96533250076527
      vertex 4 46.76256313292354 102.13743686707646
    endloop
  endfacet
  facet normal 1.4302873322411368e-18 0.6593458151000672 -0.751839807478979
    outer loop
      vertex 4 46.93466749923474 102.28836834550967
      vertex 4 46.76256313292354 102.13743686707646
      vertex 0 46.76256313292354 102.13743686707646
    endloop
  endfacet
  facet normal 1.0516260864162092e-18 0.5555702330195935 -0.831469612302551
    outer loop
      vertex 4 47.125 102.41554445662277
      vertex 4 46.93466749923474 102.28836834550967
      vertex 0 46.93466749923474 102.28836834550967
    endloop
  endfacet
  facet normal -1.7386446449024034e-18 0.4422886902189967 -0.8968727415326906
    outer loop
      vertex 4 47.33030399336109 102.51678918189475
      vertex 4 47.125 102.41554445662277
      vertex 0 47.125 102.41554445662277
    endloop
  endfacet
  facet normal -4.090494858290734e-19 0.321439465303198 -0.9469301294950933
    outer loop
      vertex 4 47.54706667107059 102.59037019600588
      vertex 4 47.33030399336109 102.51678918189475
      vertex 0 47.33030399336109 102.51678918189475
    endloop
  endfacet
  facet normal 5.155326865545531e-19 0.19509032201610832 -0.9807852804032344
    outer loop
      vertex 4 47.77157916361491 102.63502850740417
      vertex 4 47.54706667107059 102.59037019600588
      vertex 0 47.54706667107059 102.59037019600588
    endloop
  endfacet
  facet normal -2.92254681541486e-20 0.0654031292301505 -0.997858923238603
    outer loop
      vertex 4 48 102.65
      vertex 4 47.77157916361491 102.63502850740417
      vertex 0 47.77157916361491 102.63502850740417
    endloop
  endfacet
  facet normal 2.92254681541486e-20 -0.0654031292301505 -0.997858923238603
    outer loop
      vertex 4 48.22842083638509 102.63502850740417
      vertex 4 48 102.65
      vertex 0 48 102.65
    endloop
  endfacet
  facet normal -5.155326865545531e-19 -0.19509032201610832 -0.9807852804032344
    outer loop
      vertex 4 48.45293332892941 102.59037019600588
      vertex 4 48.22842083638509 102.63502850740417
      vertex 0 48.22842083638509 102.63502850740417
    endloop
  endfacet
  facet normal 1.7386446449024034e-18 -0.4422886902189967 -0.8968727415326906
    outer loop
      vertex 4 48.875 102.41554445662277
      vertex 4 48.66969600663891 102.51678918189475
      vertex 0 48.66969600663891 102.51678918189475
    endloop
  endfacet
  facet normal 4.090494858290734e-19 -0.321439465303198 -0.9469301294950933
    outer loop
      vertex 4 48.66969600663891 102.51678918189475
      vertex 4 48.45293332892941 102.59037019600588
      vertex 0 48.45293332892941 102.59037019600588
    endloop
  endfacet
  facet normal 0 -0.5555702330195935 0.831469612302551
    outer loop
      vertex 0 48.875 99.38445554337724
      vertex 4 48.875 99.38445554337724
      vertex 0 49.06533250076526 99.51163165449034
    endloop
  endfacet
  facet normal -1.7386446449024034e-18 -0.4422886902189967 0.8968727415326906
    outer loop
      vertex 4 48.66969600663891 99.28321081810526
      vertex 4 48.875 99.38445554337724
      vertex 0 48.875 99.38445554337724
    endloop
  endfacet
  facet normal 1.0516260864162092e-18 -0.5555702330195935 0.831469612302551
    outer loop
      vertex 4 48.875 99.38445554337724
      vertex 4 49.06533250076526 99.51163165449034
      vertex 0 49.06533250076526 99.51163165449034
    endloop
  endfacet
  facet normal 0 -0.6593458151000672 0.751839807478979
    outer loop
      vertex 0 49.06533250076526 99.51163165449034
      vertex 4 49.06533250076526 99.51163165449034
      vertex 0 49.23743686707646 99.66256313292355
    endloop
  endfacet
  facet normal 0 -0.7518398074789673 0.6593458151000803
    outer loop
      vertex 0 49.23743686707646 99.66256313292355
      vertex 4 49.23743686707646 99.66256313292355
      vertex 0 49.38836834550966 99.83466749923474
    endloop
  endfacet
  facet normal 0 -0.8314696123025462 0.5555702330196006
    outer loop
      vertex 0 49.38836834550966 99.83466749923474
      vertex 4 49.38836834550966 99.83466749923474
      vertex 0 49.51554445662277 100.025
    endloop
  endfacet
  facet normal 0 -0.8968727415326967 0.44228869021898437
    outer loop
      vertex 0 49.51554445662277 100.025
      vertex 4 49.51554445662277 100.025
      vertex 0 49.61678918189475 100.2303039933611
    endloop
  endfacet
  facet normal 0 -0.9469301294951027 0.32143946530317014
    outer loop
      vertex 0 49.61678918189475 100.2303039933611
      vertex 4 49.61678918189475 100.2303039933611
      vertex 0 49.69037019600587 100.4470666710706
    endloop
  endfacet
  facet normal 0 -0.9807852804032344 0.19509032201610832
    outer loop
      vertex 0 49.69037019600587 100.4470666710706
      vertex 4 49.69037019600587 100.4470666710706
      vertex 0 49.73502850740417 100.67157916361492
    endloop
  endfacet
  facet normal 0 -0.9978589232386028 0.06540312923015253
    outer loop
      vertex 0 49.73502850740417 100.67157916361492
      vertex 4 49.73502850740417 100.67157916361492
      vertex 0 49.75 100.9
    endloop
  endfacet
  facet normal 0 -0.9978589232386028 -0.06540312923015253
    outer loop
      vertex 0 49.75 100.9
      vertex 4 49.75 100.9
      vertex 0 49.73502850740417 101.12842083638509
    endloop
  endfacet
  facet normal 0 -0.9807852804032344 -0.19509032201610832
    outer loop
      vertex 0 49.73502850740417 101.12842083638509
      vertex 4 49.73502850740417 101.12842083638509
      vertex 0 49.69037019600587 101.35293332892941
    endloop
  endfacet
  facet normal 0 -0.9469301294951027 -0.32143946530317014
    outer loop
      vertex 0 49.69037019600587 101.35293332892941
      vertex 4 49.69037019600587 101.35293332892941
      vertex 0 49.61678918189475 101.5696960066389
    endloop
  endfacet
  facet normal 0 -0.8968727415326967 -0.44228869021898437
    outer loop
      vertex 0 49.61678918189475 101.5696960066389
      vertex 4 49.61678918189475 101.5696960066389
      vertex 0 49.51554445662277 101.775
    endloop
  endfacet
  facet normal 1.4302873322411368e-18 -0.6593458151000672 0.751839807478979
    outer loop
      vertex 4 49.06533250076526 99.51163165449034
      vertex 4 49.23743686707646 99.66256313292355
      vertex 0 49.23743686707646 99.66256313292355
    endloop
  endfacet
  facet normal 0 -0.7518398074789673 0.6593458151000803
    outer loop
      vertex 0 49.38836834550966 99.83466749923474
      vertex 4 49.23743686707646 99.66256313292355
      vertex 4 49.38836834550966 99.83466749923474
    endloop
  endfacet
  facet normal 0 -0.8314696123025462 0.5555702330196006
    outer loop
      vertex 0 49.51554445662277 100.025
      vertex 4 49.38836834550966 99.83466749923474
      vertex 4 49.51554445662277 100.025
    endloop
  endfacet
  facet normal 0 -0.8968727415326967 0.44228869021898437
    outer loop
      vertex 0 49.61678918189475 100.2303039933611
      vertex 4 49.51554445662277 100.025
      vertex 4 49.61678918189475 100.2303039933611
    endloop
  endfacet
  facet normal 0 -0.9469301294951027 0.32143946530317014
    outer loop
      vertex 0 49.69037019600587 100.4470666710706
      vertex 4 49.61678918189475 100.2303039933611
      vertex 4 49.69037019600587 100.4470666710706
    endloop
  endfacet
  facet normal 0 -0.9807852804032344 0.19509032201610832
    outer loop
      vertex 0 49.73502850740417 100.67157916361492
      vertex 4 49.69037019600587 100.4470666710706
      vertex 4 49.73502850740417 100.67157916361492
    endloop
  endfacet
  facet normal 0 -0.9978589232386028 0.06540312923015253
    outer loop
      vertex 0 49.75 100.9
      vertex 4 49.73502850740417 100.67157916361492
      vertex 4 49.75 100.9
    endloop
  endfacet
  facet normal 0 -0.9978589232386028 -0.06540312923015253
    outer loop
      vertex 0 49.73502850740417 101.12842083638509
      vertex 4 49.75 100.9
      vertex 4 49.73502850740417 101.12842083638509
    endloop
  endfacet
  facet normal 0 -0.9807852804032344 -0.19509032201610832
    outer loop
      vertex 0 49.69037019600587 101.35293332892941
      vertex 4 49.73502850740417 101.12842083638509
      vertex 4 49.69037019600587 101.35293332892941
    endloop
  endfacet
  facet normal 0 -0.9469301294951027 -0.32143946530317014
    outer loop
      vertex 0 49.61678918189475 101.5696960066389
      vertex 4 49.69037019600587 101.35293332892941
      vertex 4 49.61678918189475 101.5696960066389
    endloop
  endfacet
  facet normal 0 -0.8968727415326967 -0.44228869021898437
    outer loop
      vertex 0 49.51554445662277 101.775
      vertex 4 49.61678918189475 101.5696960066389
      vertex 4 49.51554445662277 101.775
    endloop
  endfacet
  facet normal -1.0516260864162092e-18 -0.5555702330195935 -0.831469612302551
    outer loop
      vertex 0 48.875 102.41554445662277
      vertex 0 49.06533250076526 102.28836834550967
      vertex 4 49.06533250076526 102.28836834550967
    endloop
  endfacet
  facet normal -1.4302873322411368e-18 -0.6593458151000672 -0.751839807478979
    outer loop
      vertex 0 49.06533250076526 102.28836834550967
      vertex 0 49.23743686707646 102.13743686707646
      vertex 4 49.23743686707646 102.13743686707646
    endloop
  endfacet
  facet normal 0 -0.8314696123025462 -0.5555702330196006
    outer loop
      vertex 0 49.51554445662277 101.775
      vertex 4 49.51554445662277 101.775
      vertex 0 49.38836834550966 101.96533250076527
    endloop
  endfacet
  facet normal 0 -0.7518398074789673 -0.6593458151000803
    outer loop
      vertex 0 49.38836834550966 101.96533250076527
      vertex 4 49.38836834550966 101.96533250076527
      vertex 0 49.23743686707646 102.13743686707646
    endloop
  endfacet
  facet normal 1.7386446449024034e-18 -0.4422886902189967 -0.8968727415326906
    outer loop
      vertex 0 48.66969600663891 102.51678918189475
      vertex 0 48.875 102.41554445662277
      vertex 4 48.875 102.41554445662277
    endloop
  endfacet
  facet normal 0 -0.5555702330195935 -0.831469612302551
    outer loop
      vertex 0 48.875 102.41554445662277
      vertex 4 49.06533250076526 102.28836834550967
      vertex 4 48.875 102.41554445662277
    endloop
  endfacet
  facet normal -1.4302873322411368e-18 -0.6593458151000672 -0.751839807478979
    outer loop
      vertex 4 49.23743686707646 102.13743686707646
      vertex 4 49.06533250076526 102.28836834550967
      vertex 0 49.06533250076526 102.28836834550967
    endloop
  endfacet
  facet normal 0 -0.8314696123025462 -0.5555702330196006
    outer loop
      vertex 0 49.38836834550966 101.96533250076527
      vertex 4 49.51554445662277 101.775
      vertex 4 49.38836834550966 101.96533250076527
    endloop
  endfacet
  facet normal 0 -0.7518398074789673 -0.6593458151000803
    outer loop
      vertex 4 49.23743686707646 102.13743686707646
      vertex 0 49.23743686707646 102.13743686707646
      vertex 4 49.38836834550966 101.96533250076527
    endloop
  endfacet
  facet normal 1 0 0
    outer loop
      vertex 4 0 152
      vertex 4 46.76256313292354 99.66256313292355
      vertex 4 46.61163165449034 99.83466749923474
    endloop
  endfacet
  facet normal 1 0 0
    outer loop
      vertex 4 0 152
      vertex 4 46.48445554337723 100.025
      vertex 4 46.38321081810525 100.2303039933611
    endloop
  endfacet
  facet normal 1 0 0
    outer loop
      vertex 4 0 152
      vertex 4 46.38321081810525 100.2303039933611
      vertex 4 46.30962980399413 100.4470666710706
    endloop
  endfacet
  facet normal 1 0 0
    outer loop
      vertex 4 0 152
      vertex 4 46.30962980399413 100.4470666710706
      vertex 4 46.26497149259583 100.67157916361492
    endloop
  endfacet
  facet normal 1 0 0
    outer loop
      vertex 4 0 152
      vertex 4 46.61163165449034 99.83466749923474
      vertex 4 46.48445554337723 100.025
    endloop
  endfacet
  facet normal -1 0 0
    outer loop
      vertex 0 0 152
      vertex 0 46.26497149259583 101.12842083638509
      vertex 0 46.25 100.9
    endloop
  endfacet
  facet normal -1 0 0
    outer loop
      vertex 0 0 152
      vertex 0 46.30962980399413 101.35293332892941
      vertex 0 46.26497149259583 101.12842083638509
    endloop
  endfacet
  facet normal -1 0 0
    outer loop
      vertex 0 0 152
      vertex 0 46.38321081810525 101.5696960066389
      vertex 0 46.30962980399413 101.35293332892941
    endloop
  endfacet
  facet normal -1 0 0
    outer loop
      vertex 0 0 152
      vertex 0 46.48445554337723 101.775
      vertex 0 46.38321081810525 101.5696960066389
    endloop
  endfacet
  facet normal -1 0 0
    outer loop
      vertex 0 0 152
      vertex 0 46.61163165449034 101.96533250076527
      vertex 0 46.48445554337723 101.775
    endloop
  endfacet
  facet normal -1 0 0
    outer loop
      vertex 0 0 152
      vertex 0 46.76256313292354 102.13743686707646
      vertex 0 46.61163165449034 101.96533250076527
    endloop
  endfacet
  facet normal -1 0 0
    outer loop
      vertex 0 0 152
      vertex 0 46.93466749923474 102.28836834550967
      vertex 0 46.76256313292354 102.13743686707646
    endloop
  endfacet
  facet normal -1 0 0
    outer loop
      vertex 0 0 152
      vertex 0 47.125 102.41554445662277
      vertex 0 46.93466749923474 102.28836834550967
    endloop
  endfacet
  facet normal -1 0 0
    outer loop
      vertex 0 0 152
      vertex 0 47.33030399336109 102.51678918189475
      vertex 0 47.125 102.41554445662277
    endloop
  endfacet
  facet normal -1 0 0
    outer loop
      vertex 0 0 152
      vertex 0 47.54706667107059 102.59037019600588
      vertex 0 47.33030399336109 102.51678918189475
    endloop
  endfacet
  facet normal -1 0 0
    outer loop
      vertex 0 0 152
      vertex 0 47.77157916361491 102.63502850740417
      vertex 0 47.54706667107059 102.59037019600588
    endloop
  endfacet
  facet normal -1 0 0
    outer loop
      vertex 0 0 152
      vertex 0 48 102.65
      vertex 0 47.77157916361491 102.63502850740417
    endloop
  endfacet
  facet normal -1 0 0
    outer loop
      vertex 0 0 152
      vertex 0 48.22842083638509 102.63502850740417
      vertex 0 48 102.65
    endloop
  endfacet
  facet normal -1 0 0
    outer loop
      vertex 0 0 152
      vertex 0 48.45293332892941 102.59037019600588
      vertex 0 48.22842083638509 102.63502850740417
    endloop
  endfacet
  facet normal -1 0 0
    outer loop
      vertex 0 0 152
      vertex 0 48.66969600663891 102.51678918189475
      vertex 0 48.45293332892941 102.59037019600588
    endloop
  endfacet
  facet normal 1 0 0
    outer loop
      vertex 4 0 152
      vertex 4 46.26497149259583 100.67157916361492
      vertex 4 46.25 100.9
    endloop
  endfacet
  facet normal 1 0 0
    outer loop
      vertex 4 0 152
      vertex 4 46.25 100.9
      vertex 4 46.26497149259583 101.12842083638509
    endloop
  endfacet
  facet normal 1 0 0
    outer loop
      vertex 4 0 152
      vertex 4 46.26497149259583 101.12842083638509
      vertex 4 46.30962980399413 101.35293332892941
    endloop
  endfacet
  facet normal 1 0 0
    outer loop
      vertex 4 0 152
      vertex 4 46.30962980399413 101.35293332892941
      vertex 4 46.38321081810525 101.5696960066389
    endloop
  endfacet
  facet normal 1 0 0
    outer loop
      vertex 4 0 152
      vertex 4 46.38321081810525 101.5696960066389
      vertex 4 46.48445554337723 101.775
    endloop
  endfacet
  facet normal 1 0 0
    outer loop
      vertex 4 0 152
      vertex 4 46.48445554337723 101.775
      vertex 4 46.61163165449034 101.96533250076527
    endloop
  endfacet
  facet normal 1 0 0
    outer loop
      vertex 4 0 152
      vertex 4 46.61163165449034 101.96533250076527
      vertex 4 46.76256313292354 102.13743686707646
    endloop
  endfacet
  facet normal 1 0 0
    outer loop
      vertex 4 0 152
      vertex 4 46.93466749923474 102.28836834550967
      vertex 4 47.125 102.41554445662277
    endloop
  endfacet
  facet normal 1 0 0
    outer loop
      vertex 4 0 152
      vertex 4 46.76256313292354 102.13743686707646
      vertex 4 46.93466749923474 102.28836834550967
    endloop
  endfacet
  facet normal 1 0 0
    outer loop
      vertex 4 0 152
      vertex 4 47.33030399336109 102.51678918189475
      vertex 4 47.54706667107059 102.59037019600588
    endloop
  endfacet
  facet normal 1 0 0
    outer loop
      vertex 4 0 152
      vertex 4 47.125 102.41554445662277
      vertex 4 47.33030399336109 102.51678918189475
    endloop
  endfacet
  facet normal 1 0 0
    outer loop
      vertex 4 0 152
      vertex 4 47.77157916361491 102.63502850740417
      vertex 4 48 102.65
    endloop
  endfacet
  facet normal 1 0 0
    outer loop
      vertex 4 0 152
      vertex 4 47.54706667107059 102.59037019600588
      vertex 4 47.77157916361491 102.63502850740417
    endloop
  endfacet
  facet normal 1 0 0
    outer loop
      vertex 4 0 152
      vertex 4 48.22842083638509 102.63502850740417
      vertex 4 48.45293332892941 102.59037019600588
    endloop
  endfacet
  facet normal 1 0 0
    outer loop
      vertex 4 0 152
      vertex 4 48 102.65
      vertex 4 48.22842083638509 102.63502850740417
    endloop
  endfacet
  facet normal 1 0 0
    outer loop
      vertex 4 0 152
      vertex 4 48.45293332892941 102.59037019600588
      vertex 4 48.66969600663891 102.51678918189475
    endloop
  endfacet
  facet normal 1 0 0
    outer loop
      vertex 4 0 152
      vertex 4 48.875 102.41554445662277
      vertex 4 49.06533250076526 102.28836834550967
    endloop
  endfacet
  facet normal 1 0 0
    outer loop
      vertex 4 0 152
      vertex 4 49.06533250076526 102.28836834550967
      vertex 4 49.23743686707646 102.13743686707646
    endloop
  endfacet
  facet normal 1 0 0
    outer loop
      vertex 4 0 152
      vertex 4 48.66969600663891 102.51678918189475
      vertex 4 48.875 102.41554445662277
    endloop
  endfacet
  facet normal 1 0 0
    outer loop
      vertex 4 0 152
      vertex 4 49.23743686707646 102.13743686707646
      vertex 4 249.31506849315068 12
    endloop
  endfacet
  facet normal -1 0 0
    outer loop
      vertex 0 0 152
      vertex 0 260 12
      vertex 0 48.66969600663891 102.51678918189475
    endloop
  endfacet
  facet normal 0 0 1
    outer loop
      vertex 0 0 152
      vertex 4 0 152
      vertex 0 260 152
    endloop
  endfacet
  facet normal -1 0 0
    outer loop
      vertex 126 0 6
      vertex 126 0 152
      vertex 126 46.25 100.9
    endloop
  endfacet
  facet normal 1 0 0
    outer loop
      vertex 130 0 6
      vertex 130 46.76256313292354 99.66256313292355
      vertex 130 0 152
    endloop
  endfacet
  facet normal 0 -1 0
    outer loop
      vertex 126 0 6
      vertex 130 0 152
      vertex 126 0 152
    endloop
  endfacet
  facet normal 0 0.4422886902189967 0.8968727415326906
    outer loop
      vertex 130 47.125 99.38445554337724
      vertex 126 47.33030399336109 99.28321081810526
      vertex 126 47.125 99.38445554337724
    endloop
  endfacet
  facet normal 0 0.5555702330195935 0.831469612302551
    outer loop
      vertex 130 46.93466749923474 99.51163165449034
      vertex 126 47.125 99.38445554337724
      vertex 126 46.93466749923474 99.51163165449034
    endloop
  endfacet
  facet normal 0 0.19509032201610832 0.9807852804032344
    outer loop
      vertex 130 47.54706667107059 99.20962980399413
      vertex 126 47.77157916361491 99.16497149259584
      vertex 126 47.54706667107059 99.20962980399413
    endloop
  endfacet
  facet normal 0 0.321439465303198 0.9469301294950933
    outer loop
      vertex 130 47.33030399336109 99.28321081810526
      vertex 126 47.54706667107059 99.20962980399413
      vertex 126 47.33030399336109 99.28321081810526
    endloop
  endfacet
  facet normal 0 0.0654031292301505 0.997858923238603
    outer loop
      vertex 130 47.77157916361491 99.16497149259584
      vertex 126 48 99.15
      vertex 126 47.77157916361491 99.16497149259584
    endloop
  endfacet
  facet normal 0 -0.0654031292301505 0.997858923238603
    outer loop
      vertex 130 48 99.15
      vertex 126 48.22842083638509 99.16497149259584
      vertex 126 48 99.15
    endloop
  endfacet
  facet normal 0 -0.19509032201610832 0.9807852804032344
    outer loop
      vertex 130 48.22842083638509 99.16497149259584
      vertex 126 48.45293332892941 99.20962980399413
      vertex 126 48.22842083638509 99.16497149259584
    endloop
  endfacet
  facet normal 0 -0.321439465303198 0.9469301294950933
    outer loop
      vertex 130 48.45293332892941 99.20962980399413
      vertex 126 48.66969600663891 99.28321081810526
      vertex 126 48.45293332892941 99.20962980399413
    endloop
  endfacet
  facet normal 0 -0.4422886902189967 0.8968727415326906
    outer loop
      vertex 130 48.66969600663891 99.28321081810526
      vertex 126 48.875 99.38445554337724
      vertex 126 48.66969600663891 99.28321081810526
    endloop
  endfacet
  facet normal -1.0516260864162092e-18 0.5555702330195935 0.831469612302551
    outer loop
      vertex 130 46.93466749923474 99.51163165449034
      vertex 130 47.125 99.38445554337724
      vertex 126 47.125 99.38445554337724
    endloop
  endfacet
  facet normal 4.090494858290734e-19 0.321439465303198 0.9469301294950933
    outer loop
      vertex 130 47.33030399336109 99.28321081810526
      vertex 130 47.54706667107059 99.20962980399413
      vertex 126 47.54706667107059 99.20962980399413
    endloop
  endfacet
  facet normal -5.155326865545531e-19 0.19509032201610832 0.9807852804032344
    outer loop
      vertex 130 47.54706667107059 99.20962980399413
      vertex 130 47.77157916361491 99.16497149259584
      vertex 126 47.77157916361491 99.16497149259584
    endloop
  endfacet
  facet normal 1.7386446449024034e-18 0.4422886902189967 0.8968727415326906
    outer loop
      vertex 130 47.125 99.38445554337724
      vertex 130 47.33030399336109 99.28321081810526
      vertex 126 47.33030399336109 99.28321081810526
    endloop
  endfacet
  facet normal 2.92254681541486e-20 0.0654031292301505 0.997858923238603
    outer loop
      vertex 130 47.77157916361491 99.16497149259584
      vertex 130 48 99.15
      vertex 126 48 99.15
    endloop
  endfacet
  facet normal -2.92254681541486e-20 -0.0654031292301505 0.997858923238603
    outer loop
      vertex 130 48 99.15
      vertex 130 48.22842083638509 99.16497149259584
      vertex 126 48.22842083638509 99.16497149259584
    endloop
  endfacet
  facet normal 5.155326865545531e-19 -0.19509032201610832 0.9807852804032344
    outer loop
      vertex 130 48.22842083638509 99.16497149259584
      vertex 130 48.45293332892941 99.20962980399413
      vertex 126 48.45293332892941 99.20962980399413
    endloop
  endfacet
  facet normal -4.090494858290734e-19 -0.321439465303198 0.9469301294950933
    outer loop
      vertex 130 48.45293332892941 99.20962980399413
      vertex 130 48.66969600663891 99.28321081810526
      vertex 126 48.66969600663891 99.28321081810526
    endloop
  endfacet
  facet normal 0 0.7518398074789673 0.6593458151000803
    outer loop
      vertex 126 46.61163165449034 99.83466749923474
      vertex 130 46.61163165449034 99.83466749923474
      vertex 126 46.76256313292354 99.66256313292355
    endloop
  endfacet
  facet normal 0 0.8314696123025462 0.5555702330196006
    outer loop
      vertex 130 46.48445554337723 100.025
      vertex 126 46.61163165449034 99.83466749923474
      vertex 126 46.48445554337723 100.025
    endloop
  endfacet
  facet normal 0 0.8968727415326967 0.44228869021898437
    outer loop
      vertex 130 46.38321081810525 100.2303039933611
      vertex 126 46.48445554337723 100.025
      vertex 126 46.38321081810525 100.2303039933611
    endloop
  endfacet
  facet normal 0 0.9469301294951027 0.32143946530317014
    outer loop
      vertex 130 46.30962980399413 100.4470666710706
      vertex 126 46.38321081810525 100.2303039933611
      vertex 126 46.30962980399413 100.4470666710706
    endloop
  endfacet
  facet normal 0 0.9807852804032344 0.19509032201610832
    outer loop
      vertex 130 46.26497149259583 100.67157916361492
      vertex 126 46.30962980399413 100.4470666710706
      vertex 126 46.26497149259583 100.67157916361492
    endloop
  endfacet
  facet normal 1.1655269965592077e-18 0.7518398074789673 0.6593458151000803
    outer loop
      vertex 130 46.61163165449034 99.83466749923474
      vertex 130 46.76256313292354 99.66256313292355
      vertex 126 46.76256313292354 99.66256313292355
    endloop
  endfacet
  facet normal 4.1550818753665095e-19 0.8968727415326967 0.44228869021898437
    outer loop
      vertex 130 46.38321081810525 100.2303039933611
      vertex 130 46.48445554337723 100.025
      vertex 126 46.48445554337723 100.025
    endloop
  endfacet
  facet normal 0 0.8314696123025462 0.5555702330196006
    outer loop
      vertex 130 46.61163165449034 99.83466749923474
      vertex 126 46.61163165449034 99.83466749923474
      vertex 130 46.48445554337723 100.025
    endloop
  endfacet
  facet normal 0 0.9469301294951027 0.32143946530317014
    outer loop
      vertex 130 46.38321081810525 100.2303039933611
      vertex 126 46.38321081810525 100.2303039933611
      vertex 130 46.30962980399413 100.4470666710706
    endloop
  endfacet
  facet normal 0 0.9807852804032344 0.19509032201610832
    outer loop
      vertex 130 46.30962980399413 100.4470666710706
      vertex 126 46.30962980399413 100.4470666710706
      vertex 130 46.26497149259583 100.67157916361492
    endloop
  endfacet
  facet normal 0 0.9978589232386028 0.06540312923015253
    outer loop
      vertex 130 46.25 100.9
      vertex 126 46.26497149259583 100.67157916361492
      vertex 126 46.25 100.9
    endloop
  endfacet
  facet normal 0 0.9978589232386028 -0.06540312923015253
    outer loop
      vertex 130 46.26497149259583 101.12842083638509
      vertex 126 46.25 100.9
      vertex 126 46.26497149259583 101.12842083638509
    endloop
  endfacet
  facet normal 0 0.9807852804032344 -0.19509032201610832
    outer loop
      vertex 130 46.30962980399413 101.35293332892941
      vertex 126 46.26497149259583 101.12842083638509
      vertex 126 46.30962980399413 101.35293332892941
    endloop
  endfacet
  facet normal 0 0.9469301294951027 -0.32143946530317014
    outer loop
      vertex 130 46.38321081810525 101.5696960066389
      vertex 126 46.30962980399413 101.35293332892941
      vertex 126 46.38321081810525 101.5696960066389
    endloop
  endfacet
  facet normal 0 0.8968727415326967 -0.44228869021898437
    outer loop
      vertex 130 46.48445554337723 101.775
      vertex 126 46.38321081810525 101.5696960066389
      vertex 126 46.48445554337723 101.775
    endloop
  endfacet
  facet normal 0 0.9978589232386028 0.06540312923015253
    outer loop
      vertex 130 46.26497149259583 100.67157916361492
      vertex 126 46.26497149259583 100.67157916361492
      vertex 130 46.25 100.9
    endloop
  endfacet
  facet normal 0 0.9978589232386028 -0.06540312923015253
    outer loop
      vertex 130 46.25 100.9
      vertex 126 46.25 100.9
      vertex 130 46.26497149259583 101.12842083638509
    endloop
  endfacet
  facet normal 0 0.9807852804032344 -0.19509032201610832
    outer loop
      vertex 130 46.26497149259583 101.12842083638509
      vertex 126 46.26497149259583 101.12842083638509
      vertex 130 46.30962980399413 101.35293332892941
    endloop
  endfacet
  facet normal 0 0.9469301294951027 -0.32143946530317014
    outer loop
      vertex 130 46.30962980399413 101.35293332892941
      vertex 126 46.30962980399413 101.35293332892941
      vertex 130 46.38321081810525 101.5696960066389
    endloop
  endfacet
  facet normal 0 0.8968727415326967 -0.44228869021898437
    outer loop
      vertex 130 46.38321081810525 101.5696960066389
      vertex 126 46.38321081810525 101.5696960066389
      vertex 130 46.48445554337723 101.775
    endloop
  endfacet
  facet normal -1.4302873322411368e-18 0.6593458151000672 0.751839807478979
    outer loop
      vertex 126 46.93466749923474 99.51163165449034
      vertex 126 46.76256313292354 99.66256313292355
      vertex 130 46.76256313292354 99.66256313292355
    endloop
  endfacet
  facet normal -1.4302873322411368e-18 0.6593458151000672 0.751839807478979
    outer loop
      vertex 130 46.76256313292354 99.66256313292355
      vertex 130 46.93466749923474 99.51163165449034
      vertex 126 46.93466749923474 99.51163165449034
    endloop
  endfacet
  facet normal 0 0.8314696123025462 -0.5555702330196006
    outer loop
      vertex 130 46.61163165449034 101.96533250076527
      vertex 126 46.48445554337723 101.775
      vertex 126 46.61163165449034 101.96533250076527
    endloop
  endfacet
  facet normal 0 0.7518398074789673 -0.6593458151000803
    outer loop
      vertex 130 46.76256313292354 102.13743686707646
      vertex 126 46.61163165449034 101.96533250076527
      vertex 126 46.76256313292354 102.13743686707646
    endloop
  endfacet
  facet normal 0 0.8314696123025462 -0.5555702330196006
    outer loop
      vertex 130 46.48445554337723 101.775
      vertex 126 46.48445554337723 101.775
      vertex 130 46.61163165449034 101.96533250076527
    endloop
  endfacet
  facet normal 0 0.7518398074789673 -0.6593458151000803
    outer loop
      vertex 130 46.61163165449034 101.96533250076527
      vertex 126 46.61163165449034 101.96533250076527
      vertex 130 46.76256313292354 102.13743686707646
    endloop
  endfacet
  facet normal 1.4302873322411368e-18 0.6593458151000672 -0.751839807478979
    outer loop
      vertex 126 46.76256313292354 102.13743686707646
      vertex 126 46.93466749923474 102.28836834550967
      vertex 130 46.93466749923474 102.28836834550967
    endloop
  endfacet
  facet normal 1.0516260864162092e-18 0.5555702330195935 -0.831469612302551
    outer loop
      vertex 126 46.93466749923474 102.28836834550967
      vertex 126 47.125 102.41554445662277
      vertex 130 47.125 102.41554445662277
    endloop
  endfacet
  facet normal -1.7386446449024034e-18 0.4422886902189967 -0.8968727415326906
    outer loop
      vertex 126 47.125 102.41554445662277
      vertex 126 47.33030399336109 102.51678918189475
      vertex 130 47.33030399336109 102.51678918189475
    endloop
  endfacet
  facet normal -4.090494858290734e-19 0.321439465303198 -0.9469301294950933
    outer loop
      vertex 126 47.33030399336109 102.51678918189475
      vertex 126 47.54706667107059 102.59037019600588
      vertex 130 47.54706667107059 102.59037019600588
    endloop
  endfacet
  facet normal 5.155326865545531e-19 0.19509032201610832 -0.9807852804032344
    outer loop
      vertex 126 47.54706667107059 102.59037019600588
      vertex 126 47.77157916361491 102.63502850740417
      vertex 130 47.77157916361491 102.63502850740417
    endloop
  endfacet
  facet normal -2.92254681541486e-20 0.0654031292301505 -0.997858923238603
    outer loop
      vertex 126 47.77157916361491 102.63502850740417
      vertex 126 48 102.65
      vertex 130 48 102.65
    endloop
  endfacet
  facet normal 2.92254681541486e-20 -0.0654031292301505 -0.997858923238603
    outer loop
      vertex 126 48 102.65
      vertex 126 48.22842083638509 102.63502850740417
      vertex 130 48.22842083638509 102.63502850740417
    endloop
  endfacet
  facet normal -5.155326865545531e-19 -0.19509032201610832 -0.9807852804032344
    outer loop
      vertex 126 48.22842083638509 102.63502850740417
      vertex 126 48.45293332892941 102.59037019600588
      vertex 130 48.45293332892941 102.59037019600588
    endloop
  endfacet
  facet normal 4.090494858290734e-19 -0.321439465303198 -0.9469301294950933
    outer loop
      vertex 126 48.45293332892941 102.59037019600588
      vertex 126 48.66969600663891 102.51678918189475
      vertex 130 48.66969600663891 102.51678918189475
    endloop
  endfacet
  facet normal 1.4302873322411368e-18 0.6593458151000672 -0.751839807478979
    outer loop
      vertex 130 46.93466749923474 102.28836834550967
      vertex 130 46.76256313292354 102.13743686707646
      vertex 126 46.76256313292354 102.13743686707646
    endloop
  endfacet
  facet normal 1.0516260864162092e-18 0.5555702330195935 -0.831469612302551
    outer loop
      vertex 130 47.125 102.41554445662277
      vertex 130 46.93466749923474 102.28836834550967
      vertex 126 46.93466749923474 102.28836834550967
    endloop
  endfacet
  facet normal -1.7386446449024034e-18 0.4422886902189967 -0.8968727415326906
    outer loop
      vertex 130 47.33030399336109 102.51678918189475
      vertex 130 47.125 102.41554445662277
      vertex 126 47.125 102.41554445662277
    endloop
  endfacet
  facet normal -4.090494858290734e-19 0.321439465303198 -0.9469301294950933
    outer loop
      vertex 130 47.54706667107059 102.59037019600588
      vertex 130 47.33030399336109 102.51678918189475
      vertex 126 47.33030399336109 102.51678918189475
    endloop
  endfacet
  facet normal 5.155326865545531e-19 0.19509032201610832 -0.9807852804032344
    outer loop
      vertex 130 47.77157916361491 102.63502850740417
      vertex 130 47.54706667107059 102.59037019600588
      vertex 126 47.54706667107059 102.59037019600588
    endloop
  endfacet
  facet normal -2.92254681541486e-20 0.0654031292301505 -0.997858923238603
    outer loop
      vertex 130 48 102.65
      vertex 130 47.77157916361491 102.63502850740417
      vertex 126 47.77157916361491 102.63502850740417
    endloop
  endfacet
  facet normal 2.92254681541486e-20 -0.0654031292301505 -0.997858923238603
    outer loop
      vertex 130 48.22842083638509 102.63502850740417
      vertex 130 48 102.65
      vertex 126 48 102.65
    endloop
  endfacet
  facet normal -5.155326865545531e-19 -0.19509032201610832 -0.9807852804032344
    outer loop
      vertex 130 48.45293332892941 102.59037019600588
      vertex 130 48.22842083638509 102.63502850740417
      vertex 126 48.22842083638509 102.63502850740417
    endloop
  endfacet
  facet normal 1.7386446449024034e-18 -0.4422886902189967 -0.8968727415326906
    outer loop
      vertex 130 48.875 102.41554445662277
      vertex 130 48.66969600663891 102.51678918189475
      vertex 126 48.66969600663891 102.51678918189475
    endloop
  endfacet
  facet normal 4.090494858290734e-19 -0.321439465303198 -0.9469301294950933
    outer loop
      vertex 130 48.66969600663891 102.51678918189475
      vertex 130 48.45293332892941 102.59037019600588
      vertex 126 48.45293332892941 102.59037019600588
    endloop
  endfacet
  facet normal 0 -0.5555702330195935 0.831469612302551
    outer loop
      vertex 130 48.875 99.38445554337724
      vertex 126 49.06533250076526 99.51163165449034
      vertex 126 48.875 99.38445554337724
    endloop
  endfacet
  facet normal -1.7386446449024034e-18 -0.4422886902189967 0.8968727415326906
    outer loop
      vertex 130 48.66969600663891 99.28321081810526
      vertex 130 48.875 99.38445554337724
      vertex 126 48.875 99.38445554337724
    endloop
  endfacet
  facet normal 1.0516260864162092e-18 -0.5555702330195935 0.831469612302551
    outer loop
      vertex 130 48.875 99.38445554337724
      vertex 130 49.06533250076526 99.51163165449034
      vertex 126 49.06533250076526 99.51163165449034
    endloop
  endfacet
  facet normal 0 -0.6593458151000672 0.751839807478979
    outer loop
      vertex 130 49.06533250076526 99.51163165449034
      vertex 126 49.23743686707646 99.66256313292355
      vertex 126 49.06533250076526 99.51163165449034
    endloop
  endfacet
  facet normal 0 -0.7518398074789673 0.6593458151000803
    outer loop
      vertex 126 49.23743686707646 99.66256313292355
      vertex 130 49.23743686707646 99.66256313292355
      vertex 126 49.38836834550966 99.83466749923474
    endloop
  endfacet
  facet normal 0 -0.8314696123025462 0.5555702330196006
    outer loop
      vertex 126 49.38836834550966 99.83466749923474
      vertex 130 49.38836834550966 99.83466749923474
      vertex 126 49.51554445662277 100.025
    endloop
  endfacet
  facet normal 0 -0.8968727415326967 0.44228869021898437
    outer loop
      vertex 126 49.51554445662277 100.025
      vertex 130 49.51554445662277 100.025
      vertex 126 49.61678918189475 100.2303039933611
    endloop
  endfacet
  facet normal 0 -0.9469301294951027 0.32143946530317014
    outer loop
      vertex 126 49.61678918189475 100.2303039933611
      vertex 130 49.61678918189475 100.2303039933611
      vertex 126 49.69037019600587 100.4470666710706
    endloop
  endfacet
  facet normal 0 -0.9807852804032344 0.19509032201610832
    outer loop
      vertex 126 49.69037019600587 100.4470666710706
      vertex 130 49.69037019600587 100.4470666710706
      vertex 126 49.73502850740417 100.67157916361492
    endloop
  endfacet
  facet normal 1.4302873322411368e-18 -0.6593458151000672 0.751839807478979
    outer loop
      vertex 130 49.06533250076526 99.51163165449034
      vertex 130 49.23743686707646 99.66256313292355
      vertex 126 49.23743686707646 99.66256313292355
    endloop
  endfacet
  facet normal -1.1655269965592077e-18 -0.7518398074789673 0.6593458151000803
    outer loop
      vertex 130 49.23743686707646 99.66256313292355
      vertex 130 49.38836834550966 99.83466749923474
      vertex 126 49.38836834550966 99.83466749923474
    endloop
  endfacet
  facet normal -1.7612456672033556e-18 -0.8314696123025462 0.5555702330196006
    outer loop
      vertex 130 49.38836834550966 99.83466749923474
      vertex 130 49.51554445662277 100.025
      vertex 126 49.51554445662277 100.025
    endloop
  endfacet
  facet normal -4.1550818753665095e-19 -0.8968727415326967 0.44228869021898437
    outer loop
      vertex 130 49.51554445662277 100.025
      vertex 130 49.61678918189475 100.2303039933611
      vertex 126 49.61678918189475 100.2303039933611
    endloop
  endfacet
  facet normal -1.4367733887507788e-19 -0.9469301294951027 0.32143946530317014
    outer loop
      vertex 130 49.61678918189475 100.2303039933611
      vertex 130 49.69037019600587 100.4470666710706
      vertex 126 49.69037019600587 100.4470666710706
    endloop
  endfacet
  facet normal 5.155326865545531e-19 -0.9807852804032344 0.19509032201610832
    outer loop
      vertex 130 49.69037019600587 100.4470666710706
      vertex 130 49.73502850740417 100.67157916361492
      vertex 126 49.73502850740417 100.67157916361492
    endloop
  endfacet
  facet normal 0 -0.9978589232386028 0.06540312923015253
    outer loop
      vertex 126 49.73502850740417 100.67157916361492
      vertex 130 49.73502850740417 100.67157916361492
      vertex 126 49.75 100.9
    endloop
  endfacet
  facet normal 0 -0.9978589232386028 -0.06540312923015253
    outer loop
      vertex 126 49.75 100.9
      vertex 130 49.75 100.9
      vertex 126 49.73502850740417 101.12842083638509
    endloop
  endfacet
  facet normal 0 -0.9807852804032344 -0.19509032201610832
    outer loop
      vertex 126 49.73502850740417 101.12842083638509
      vertex 130 49.73502850740417 101.12842083638509
      vertex 126 49.69037019600587 101.35293332892941
    endloop
  endfacet
  facet normal 0 -0.9469301294951027 -0.32143946530317014
    outer loop
      vertex 126 49.69037019600587 101.35293332892941
      vertex 130 49.69037019600587 101.35293332892941
      vertex 126 49.61678918189475 101.5696960066389
    endloop
  endfacet
  facet normal 0 -0.8968727415326967 -0.44228869021898437
    outer loop
      vertex 126 49.61678918189475 101.5696960066389
      vertex 130 49.61678918189475 101.5696960066389
      vertex 126 49.51554445662277 101.775
    endloop
  endfacet
  facet normal -1.679695624159502e-19 -0.9978589232386028 0.06540312923015253
    outer loop
      vertex 130 49.73502850740417 100.67157916361492
      vertex 130 49.75 100.9
      vertex 126 49.75 100.9
    endloop
  endfacet
  facet normal 1.679695624159502e-19 -0.9978589232386028 -0.06540312923015253
    outer loop
      vertex 130 49.75 100.9
      vertex 130 49.73502850740417 101.12842083638509
      vertex 126 49.73502850740417 101.12842083638509
    endloop
  endfacet
  facet normal -5.155326865545531e-19 -0.9807852804032344 -0.19509032201610832
    outer loop
      vertex 130 49.73502850740417 101.12842083638509
      vertex 130 49.69037019600587 101.35293332892941
      vertex 126 49.69037019600587 101.35293332892941
    endloop
  endfacet
  facet normal 1.4367733887507788e-19 -0.9469301294951027 -0.32143946530317014
    outer loop
      vertex 130 49.69037019600587 101.35293332892941
      vertex 130 49.61678918189475 101.5696960066389
      vertex 126 49.61678918189475 101.5696960066389
    endloop
  endfacet
  facet normal 4.1550818753665095e-19 -0.8968727415326967 -0.44228869021898437
    outer loop
      vertex 130 49.61678918189475 101.5696960066389
      vertex 130 49.51554445662277 101.775
      vertex 126 49.51554445662277 101.775
    endloop
  endfacet
  facet normal -1.0516260864162092e-18 -0.5555702330195935 -0.831469612302551
    outer loop
      vertex 126 48.875 102.41554445662277
      vertex 126 49.06533250076526 102.28836834550967
      vertex 130 49.06533250076526 102.28836834550967
    endloop
  endfacet
  facet normal -1.4302873322411368e-18 -0.6593458151000672 -0.751839807478979
    outer loop
      vertex 126 49.06533250076526 102.28836834550967
      vertex 126 49.23743686707646 102.13743686707646
      vertex 130 49.23743686707646 102.13743686707646
    endloop
  endfacet
  facet normal 0 -0.8314696123025462 -0.5555702330196006
    outer loop
      vertex 126 49.51554445662277 101.775
      vertex 130 49.51554445662277 101.775
      vertex 126 49.38836834550966 101.96533250076527
    endloop
  endfacet
  facet normal 0 -0.7518398074789673 -0.6593458151000803
    outer loop
      vertex 126 49.38836834550966 101.96533250076527
      vertex 130 49.38836834550966 101.96533250076527
      vertex 126 49.23743686707646 102.13743686707646
    endloop
  endfacet
  facet normal 1.7386446449024034e-18 -0.4422886902189967 -0.8968727415326906
    outer loop
      vertex 126 48.66969600663891 102.51678918189475
      vertex 126 48.875 102.41554445662277
      vertex 130 48.875 102.41554445662277
    endloop
  endfacet
  facet normal 0 -0.5555702330195935 -0.831469612302551
    outer loop
      vertex 130 48.875 102.41554445662277
      vertex 126 48.875 102.41554445662277
      vertex 130 49.06533250076526 102.28836834550967
    endloop
  endfacet
  facet normal -1.4302873322411368e-18 -0.6593458151000672 -0.751839807478979
    outer loop
      vertex 130 49.23743686707646 102.13743686707646
      vertex 130 49.06533250076526 102.28836834550967
      vertex 126 49.06533250076526 102.28836834550967
    endloop
  endfacet
  facet normal 1.7612456672033556e-18 -0.8314696123025462 -0.5555702330196006
    outer loop
      vertex 130 49.51554445662277 101.775
      vertex 130 49.38836834550966 101.96533250076527
      vertex 126 49.38836834550966 101.96533250076527
    endloop
  endfacet
  facet normal 0 -0.7518398074789673 -0.6593458151000803
    outer loop
      vertex 130 49.23743686707646 102.13743686707646
      vertex 126 49.23743686707646 102.13743686707646
      vertex 130 49.38836834550966 101.96533250076527
    endloop
  endfacet
  facet normal -1 0 0
    outer loop
      vertex 126 0 152
      vertex 126 46.26497149259583 101.12842083638509
      vertex 126 46.25 100.9
    endloop
  endfacet
  facet normal -1 0 0
    outer loop
      vertex 126 0 152
      vertex 126 46.30962980399413 101.35293332892941
      vertex 126 46.26497149259583 101.12842083638509
    endloop
  endfacet
  facet normal -1 0 0
    outer loop
      vertex 126 0 152
      vertex 126 46.38321081810525 101.5696960066389
      vertex 126 46.30962980399413 101.35293332892941
    endloop
  endfacet
  facet normal -1 0 0
    outer loop
      vertex 126 0 152
      vertex 126 46.48445554337723 101.775
      vertex 126 46.38321081810525 101.5696960066389
    endloop
  endfacet
  facet normal -1 0 0
    outer loop
      vertex 126 0 152
      vertex 126 46.61163165449034 101.96533250076527
      vertex 126 46.48445554337723 101.775
    endloop
  endfacet
  facet normal -1 0 0
    outer loop
      vertex 126 0 152
      vertex 126 46.76256313292354 102.13743686707646
      vertex 126 46.61163165449034 101.96533250076527
    endloop
  endfacet
  facet normal -1 0 0
    outer loop
      vertex 126 0 152
      vertex 126 46.93466749923474 102.28836834550967
      vertex 126 46.76256313292354 102.13743686707646
    endloop
  endfacet
  facet normal -1 0 0
    outer loop
      vertex 126 0 152
      vertex 126 47.125 102.41554445662277
      vertex 126 46.93466749923474 102.28836834550967
    endloop
  endfacet
  facet normal -1 0 0
    outer loop
      vertex 126 0 152
      vertex 126 47.33030399336109 102.51678918189475
      vertex 126 47.125 102.41554445662277
    endloop
  endfacet
  facet normal -1 0 0
    outer loop
      vertex 126 0 152
      vertex 126 47.54706667107059 102.59037019600588
      vertex 126 47.33030399336109 102.51678918189475
    endloop
  endfacet
  facet normal 1 0 0
    outer loop
      vertex 130 0 152
      vertex 130 46.76256313292354 99.66256313292355
      vertex 130 46.61163165449034 99.83466749923474
    endloop
  endfacet
  facet normal 1 0 0
    outer loop
      vertex 130 0 152
      vertex 130 46.48445554337723 100.025
      vertex 130 46.38321081810525 100.2303039933611
    endloop
  endfacet
  facet normal 1 0 0
    outer loop
      vertex 130 0 152
      vertex 130 46.38321081810525 100.2303039933611
      vertex 130 46.30962980399413 100.4470666710706
    endloop
  endfacet
  facet normal 1 0 0
    outer loop
      vertex 130 0 152
      vertex 130 46.30962980399413 100.4470666710706
      vertex 130 46.26497149259583 100.67157916361492
    endloop
  endfacet
  facet normal 1 0 0
    outer loop
      vertex 130 0 152
      vertex 130 46.61163165449034 99.83466749923474
      vertex 130 46.48445554337723 100.025
    endloop
  endfacet
  facet normal 1 0 0
    outer loop
      vertex 130 0 152
      vertex 130 46.26497149259583 100.67157916361492
      vertex 130 46.25 100.9
    endloop
  endfacet
  facet normal 1 0 0
    outer loop
      vertex 130 0 152
      vertex 130 46.25 100.9
      vertex 130 46.26497149259583 101.12842083638509
    endloop
  endfacet
  facet normal 1 0 0
    outer loop
      vertex 130 0 152
      vertex 130 46.26497149259583 101.12842083638509
      vertex 130 46.30962980399413 101.35293332892941
    endloop
  endfacet
  facet normal 1 0 0
    outer loop
      vertex 130 0 152
      vertex 130 46.30962980399413 101.35293332892941
      vertex 130 46.38321081810525 101.5696960066389
    endloop
  endfacet
  facet normal 1 0 0
    outer loop
      vertex 130 0 152
      vertex 130 46.38321081810525 101.5696960066389
      vertex 130 46.48445554337723 101.775
    endloop
  endfacet
  facet normal 1 0 0
    outer loop
      vertex 130 0 152
      vertex 130 46.48445554337723 101.775
      vertex 130 46.61163165449034 101.96533250076527
    endloop
  endfacet
  facet normal 1 0 0
    outer loop
      vertex 130 0 152
      vertex 130 46.61163165449034 101.96533250076527
      vertex 130 46.76256313292354 102.13743686707646
    endloop
  endfacet
  facet normal 1 0 0
    outer loop
      vertex 130 0 152
      vertex 130 46.76256313292354 102.13743686707646
      vertex 130 46.93466749923474 102.28836834550967
    endloop
  endfacet
  facet normal 1 0 0
    outer loop
      vertex 130 0 152
      vertex 130 46.93466749923474 102.28836834550967
      vertex 130 47.125 102.41554445662277
    endloop
  endfacet
  facet normal 1 0 0
    outer loop
      vertex 130 0 152
      vertex 130 47.125 102.41554445662277
      vertex 130 47.33030399336109 102.51678918189475
    endloop
  endfacet
  facet normal 1 0 0
    outer loop
      vertex 130 0 152
      vertex 130 47.33030399336109 102.51678918189475
      vertex 130 47.54706667107059 102.59037019600588
    endloop
  endfacet
  facet normal 1 0 0
    outer loop
      vertex 130 0 152
      vertex 130 47.54706667107059 102.59037019600588
      vertex 130 47.77157916361491 102.63502850740417
    endloop
  endfacet
  facet normal 1 0 0
    outer loop
      vertex 130 0 152
      vertex 130 47.77157916361491 102.63502850740417
      vertex 130 48 102.65
    endloop
  endfacet
  facet normal 1 0 0
    outer loop
      vertex 130 0 152
      vertex 130 48 102.65
      vertex 130 48.22842083638509 102.63502850740417
    endloop
  endfacet
  facet normal 1 0 0
    outer loop
      vertex 130 0 152
      vertex 130 48.22842083638509 102.63502850740417
      vertex 130 48.45293332892941 102.59037019600588
    endloop
  endfacet
  facet normal 1 0 0
    outer loop
      vertex 130 0 152
      vertex 130 48.45293332892941 102.59037019600588
      vertex 130 48.66969600663891 102.51678918189475
    endloop
  endfacet
  facet normal -1 0 0
    outer loop
      vertex 126 0 6
      vertex 126 48.45293332892941 99.20962980399413
      vertex 126 260 152
    endloop
  endfacet
  facet normal 1 0 0
    outer loop
      vertex 130 0 152
      vertex 130 48.66969600663891 102.51678918189475
      vertex 130 260 6
    endloop
  endfacet
  facet normal 0 0 1
    outer loop
      vertex 126 0 152
      vertex 130 0 152
      vertex 126 260 152
    endloop
  endfacet
  facet normal -1 0 0
    outer loop
      vertex 126 260 152
      vertex 126 48.45293332892941 99.20962980399413
      vertex 126 48.66969600663891 99.28321081810526
    endloop
  endfacet
  facet normal -1 0 0
    outer loop
      vertex 126 260 152
      vertex 126 48.66969600663891 99.28321081810526
      vertex 126 48.875 99.38445554337724
    endloop
  endfacet
  facet normal -1 0 0
    outer loop
      vertex 126 260 152
      vertex 126 48.875 99.38445554337724
      vertex 126 49.06533250076526 99.51163165449034
    endloop
  endfacet
  facet normal -1 0 0
    outer loop
      vertex 126 260 152
      vertex 126 49.06533250076526 99.51163165449034
      vertex 126 49.23743686707646 99.66256313292355
    endloop
  endfacet
  facet normal -1 0 0
    outer loop
      vertex 126 260 152
      vertex 126 49.23743686707646 99.66256313292355
      vertex 126 49.38836834550966 99.83466749923474
    endloop
  endfacet
  facet normal -1 0 0
    outer loop
      vertex 126 260 152
      vertex 126 49.38836834550966 99.83466749923474
      vertex 126 49.51554445662277 100.025
    endloop
  endfacet
  facet normal -1 0 0
    outer loop
      vertex 126 260 152
      vertex 126 49.51554445662277 100.025
      vertex 126 49.61678918189475 100.2303039933611
    endloop
  endfacet
  facet normal -1 0 0
    outer loop
      vertex 126 260 152
      vertex 126 49.61678918189475 100.2303039933611
      vertex 126 49.69037019600587 100.4470666710706
    endloop
  endfacet
  facet normal -1 0 0
    outer loop
      vertex 126 260 152
      vertex 126 49.69037019600587 100.4470666710706
      vertex 126 49.73502850740417 100.67157916361492
    endloop
  endfacet
  facet normal -1 0 0
    outer loop
      vertex 126 260 152
      vertex 126 49.73502850740417 100.67157916361492
      vertex 126 49.75 100.9
    endloop
  endfacet
  facet normal -1 0 0
    outer loop
      vertex 126 260 152
      vertex 126 49.75 100.9
      vertex 126 49.73502850740417 101.12842083638509
    endloop
  endfacet
  facet normal -1 0 0
    outer loop
      vertex 126 260 152
      vertex 126 49.73502850740417 101.12842083638509
      vertex 126 49.69037019600587 101.35293332892941
    endloop
  endfacet
  facet normal -1 0 0
    outer loop
      vertex 126 260 152
      vertex 126 49.69037019600587 101.35293332892941
      vertex 126 49.61678918189475 101.5696960066389
    endloop
  endfacet
  facet normal -1 0 0
    outer loop
      vertex 126 260 152
      vertex 126 49.06533250076526 102.28836834550967
      vertex 126 48.875 102.41554445662277
    endloop
  endfacet
  facet normal -1 0 0
    outer loop
      vertex 126 260 152
      vertex 126 49.61678918189475 101.5696960066389
      vertex 126 49.51554445662277 101.775
    endloop
  endfacet
  facet normal -1 0 0
    outer loop
      vertex 126 260 152
      vertex 126 49.51554445662277 101.775
      vertex 126 49.38836834550966 101.96533250076527
    endloop
  endfacet
  facet normal -1 0 0
    outer loop
      vertex 126 260 152
      vertex 126 49.38836834550966 101.96533250076527
      vertex 126 49.23743686707646 102.13743686707646
    endloop
  endfacet
  facet normal -1 0 0
    outer loop
      vertex 126 260 152
      vertex 126 49.23743686707646 102.13743686707646
      vertex 126 49.06533250076526 102.28836834550967
    endloop
  endfacet
  facet normal -1 0 0
    outer loop
      vertex 126 260 152
      vertex 126 47.77157916361491 102.63502850740417
      vertex 126 47.54706667107059 102.59037019600588
    endloop
  endfacet
  facet normal -1 0 0
    outer loop
      vertex 126 260 152
      vertex 126 48 102.65
      vertex 126 47.77157916361491 102.63502850740417
    endloop
  endfacet
  facet normal -1 0 0
    outer loop
      vertex 126 260 152
      vertex 126 48.22842083638509 102.63502850740417
      vertex 126 48 102.65
    endloop
  endfacet
  facet normal -1 0 0
    outer loop
      vertex 126 260 152
      vertex 126 48.66969600663891 102.51678918189475
      vertex 126 48.45293332892941 102.59037019600588
    endloop
  endfacet
  facet normal -1 0 0
    outer loop
      vertex 126 260 152
      vertex 126 48.45293332892941 102.59037019600588
      vertex 126 48.22842083638509 102.63502850740417
    endloop
  endfacet
  facet normal -1 0 0
    outer loop
      vertex 126 260 152
      vertex 126 48.875 102.41554445662277
      vertex 126 48.66969600663891 102.51678918189475
    endloop
  endfacet
  facet normal -1 0 0
    outer loop
      vertex 126 0 152
      vertex 126 260 152
      vertex 126 47.54706667107059 102.59037019600588
    endloop
  endfacet
  facet normal -1 0 0
    outer loop
      vertex 0 62.53164556962025 6
      vertex 0 260 12
      vertex 0 76 6
    endloop
  endfacet
  facet normal 0 0 -1
    outer loop
      vertex 0 76 6
      vertex 0 260 6
      vertex 1.1692307692307693 76 6
    endloop
  endfacet
  facet normal 0 0 -1
    outer loop
      vertex 1.1692307692307693 76 6
      vertex 4 260 6
      vertex 4 76 6
    endloop
  endfacet
  facet normal 1 0 0
    outer loop
      vertex 4 76 6
      vertex 4 260 6
      vertex 4 76 10
    endloop
  endfacet
  facet normal 1 0 0
    outer loop
      vertex 4 124.65753424657534 12
      vertex 4 249.31506849315068 12
      vertex 4 49.75 100.9
    endloop
  endfacet
  facet normal 0 0 -1
    outer loop
      vertex 1.1692307692307693 76 6
      vertex 0 260 6
      vertex 4 260 6
    endloop
  endfacet
  facet normal -1 0 0
    outer loop
      vertex 0 76 6
      vertex 0 260 12
      vertex 0 260 6
    endloop
  endfacet
  facet normal 1 0 0
    outer loop
      vertex 4 124.65753424657534 12
      vertex 4 260 6
      vertex 4 249.31506849315068 12
    endloop
  endfacet
  facet normal 0 1 0
    outer loop
      vertex 0 260 6
      vertex 0 260 12
      vertex 4 260 6
    endloop
  endfacet
  facet normal 1 0 0
    outer loop
      vertex 4 249.31506849315068 12
      vertex 4 260 6
      vertex 4 260 12
    endloop
  endfacet
  facet normal 0 1 0
    outer loop
      vertex 4 260 6
      vertex 0 260 12
      vertex 0 260 152
    endloop
  endfacet
  facet normal 0 1 0
    outer loop
      vertex 4 260 6
      vertex 0 260 152
      vertex 4 260 12
    endloop
  endfacet
  facet normal 1 0 0
    outer loop
      vertex 4 249.31506849315068 12
      vertex 4 260 12
      vertex 4 260 152
    endloop
  endfacet
  facet normal 0 0 -1
    outer loop
      vertex 126 76 6
      vertex 126 260 6
      vertex 127.16923076923077 76 6
    endloop
  endfacet
  facet normal -1 0 0
    outer loop
      vertex 126 76 6
      vertex 126 76 10
      vertex 126 260 6
    endloop
  endfacet
  facet normal 0 0 -1
    outer loop
      vertex 127.16923076923077 76 6
      vertex 126 260 6
      vertex 130 260 6
    endloop
  endfacet
  facet normal -1 0 0
    outer loop
      vertex 126 76 10
      vertex 126 260 152
      vertex 126 260 6
    endloop
  endfacet
  facet normal 0 1 0
    outer loop
      vertex 126 260 6
      vertex 126 260 152
      vertex 130 260 6
    endloop
  endfacet
  facet normal 1 0 0
    outer loop
      vertex 4 0 152
      vertex 4 249.31506849315068 12
      vertex 4 260 152
    endloop
  endfacet
  facet normal -1 0 0
    outer loop
      vertex 0 0 152
      vertex 0 260 152
      vertex 0 260 12
    endloop
  endfacet
  facet normal 0 0 1
    outer loop
      vertex 4 0 152
      vertex 4 260 152
      vertex 0 260 152
    endloop
  endfacet
  facet normal 0 1 0
    outer loop
      vertex 4 260 12
      vertex 0 260 152
      vertex 4 260 152
    endloop
  endfacet
  facet normal 1 0 0
    outer loop
      vertex 130 0 152
      vertex 130 260 6
      vertex 130 260 152
    endloop
  endfacet
  facet normal 0 0 1
    outer loop
      vertex 130 0 152
      vertex 130 260 152
      vertex 126 260 152
    endloop
  endfacet
  facet normal 0 1 0
    outer loop
      vertex 130 260 6
      vertex 126 260 152
      vertex 130 260 152
    endloop
  endfacet
  facet normal 0 -1 0
    outer loop
      vertex 140 0 6
      vertex 144 0 6
      vertex 144 0 12
    endloop
  endfacet
  facet normal 0 0 -1
    outer loop
      vertex 140 0 6
      vertex 140.30769230769232 20 6
      vertex 144 0 6
    endloop
  endfacet
  facet normal 0 0 -1
    outer loop
      vertex 144 0 6
      vertex 140.30769230769232 20 6
      vertex 144 20 6
    endloop
  endfacet
  facet normal 1 0 0
    outer loop
      vertex 144 0 6
      vertex 144 20 10
      vertex 144 0 12
    endloop
  endfacet
  facet normal 1 0 0
    outer loop
      vertex 144 0 6
      vertex 144 20 6
      vertex 144 20 10
    endloop
  endfacet
  facet normal 0 0 -1
    outer loop
      vertex 140.30769230769232 20 6
      vertex 140.30974505599238 20.13342863950441 6
      vertex 144 20 6
    endloop
  endfacet
  facet normal 0 0 -1
    outer loop
      vertex 140 0 6
      vertex 140 62.53164556962025 6
      vertex 140.30769230769232 20 6
    endloop
  endfacet
  facet normal 1 0 0
    outer loop
      vertex 144 0 12
      vertex 144 20 10
      vertex 144 76 10
    endloop
  endfacet
  facet normal 0 0 -1
    outer loop
      vertex 140.30769230769232 20 6
      vertex 140 62.53164556962025 6
      vertex 140.30974505599238 20.13342863950441 6
    endloop
  endfacet
  facet normal 0 -1 0
    outer loop
      vertex 144 20 6
      vertex 266 20 6
      vertex 144 20 10
    endloop
  endfacet
  facet normal 0 0 -1
    outer loop
      vertex 140.30974505599238 20.13342863950441 6
      vertex 267.16923076923075 76 6
      vertex 144 20 6
    endloop
  endfacet
  facet normal 0 0 1
    outer loop
      vertex 144 20 10
      vertex 266 20 10
      vertex 144 76 10
    endloop
  endfacet
  facet normal 0 0 -1
    outer loop
      vertex 140.30974505599238 20.13342863950441 6
      vertex 140 62.53164556962025 6
      vertex 267.16923076923075 76 6
    endloop
  endfacet
  facet normal 0 -1 0
    outer loop
      vertex 140 0 6
      vertex 144 0 152
      vertex 140 0 12
    endloop
  endfacet
  facet normal 0 -1 0
    outer loop
      vertex 140 0 6
      vertex 144 0 12
      vertex 144 0 152
    endloop
  endfacet
  facet normal -1 0 0
    outer loop
      vertex 140 0 12
      vertex 140 46.93466749923474 99.51163165449034
      vertex 140 47.125 99.38445554337724
    endloop
  endfacet
  facet normal -1 0 0
    outer loop
      vertex 140 0 12
      vertex 140 46.76256313292354 99.66256313292355
      vertex 140 46.93466749923474 99.51163165449034
    endloop
  endfacet
  facet normal -1 0 0
    outer loop
      vertex 140 0 12
      vertex 140 46.38321081810525 100.2303039933611
      vertex 140 46.48445554337723 100.025
    endloop
  endfacet
  facet normal -1 0 0
    outer loop
      vertex 140 0 12
      vertex 140 46.30962980399413 100.4470666710706
      vertex 140 46.38321081810525 100.2303039933611
    endloop
  endfacet
  facet normal -1 0 0
    outer loop
      vertex 140 0 12
      vertex 140 46.61163165449034 99.83466749923474
      vertex 140 46.76256313292354 99.66256313292355
    endloop
  endfacet
  facet normal -1 0 0
    outer loop
      vertex 140 0 12
      vertex 140 46.48445554337723 100.025
      vertex 140 46.61163165449034 99.83466749923474
    endloop
  endfacet
  facet normal -1 0 0
    outer loop
      vertex 140 0 12
      vertex 140 47.125 99.38445554337724
      vertex 140 47.33030399336109 99.28321081810526
    endloop
  endfacet
  facet normal -1 0 0
    outer loop
      vertex 140 0 12
      vertex 140 46.26497149259583 100.67157916361492
      vertex 140 46.30962980399413 100.4470666710706
    endloop
  endfacet
  facet normal -1 0 0
    outer loop
      vertex 140 0 12
      vertex 140 46.25 100.9
      vertex 140 46.26497149259583 100.67157916361492
    endloop
  endfacet
  facet normal 1 0 0
    outer loop
      vertex 144 0 12
      vertex 144 124.65753424657534 12
      vertex 144 0 152
    endloop
  endfacet
  facet normal 0 0 -1
    outer loop
      vertex 140 62.53164556962025 6
      vertex 140 76 6
      vertex 141.16923076923078 76 6
    endloop
  endfacet
  facet normal 0 0 -1
    outer loop
      vertex 140 62.53164556962025 6
      vertex 141.16923076923078 76 6
      vertex 144 76 6
    endloop
  endfacet
  facet normal -1 0 0
    outer loop
      vertex 140 0 6
      vertex 140 0 12
      vertex 140 260 12
    endloop
  endfacet
  facet normal -1 0 0
    outer loop
      vertex 140 0 6
      vertex 140 260 12
      vertex 140 62.53164556962025 6
    endloop
  endfacet
  facet normal 1 0 0
    outer loop
      vertex 144 0 12
      vertex 144 76 10
      vertex 144 260 6
    endloop
  endfacet
  facet normal 1 0 0
    outer loop
      vertex 144 0 12
      vertex 144 260 6
      vertex 144 124.65753424657534 12
    endloop
  endfacet
  facet normal -1 0 0
    outer loop
      vertex 140 0 12
      vertex 140 47.33030399336109 99.28321081810526
      vertex 140 260 12
    endloop
  endfacet
  facet normal 0 0 -1
    outer loop
      vertex 140 62.53164556962025 6
      vertex 144 76 6
      vertex 266 76 6
    endloop
  endfacet
  facet normal 0 1 0
    outer loop
      vertex 144 76 6
      vertex 144 76 10
      vertex 266 76 10
    endloop
  endfacet
  facet normal 1 0 0
    outer loop
      vertex 144 124.65753424657534 12
      vertex 144 46.93466749923474 99.51163165449034
      vertex 144 46.76256313292354 99.66256313292355
    endloop
  endfacet
  facet normal 1 0 0
    outer loop
      vertex 144 124.65753424657534 12
      vertex 144 47.33030399336109 99.28321081810526
      vertex 144 47.125 99.38445554337724
    endloop
  endfacet
  facet normal 1 0 0
    outer loop
      vertex 144 124.65753424657534 12
      vertex 144 47.125 99.38445554337724
      vertex 144 46.93466749923474 99.51163165449034
    endloop
  endfacet
  facet normal 1 0 0
    outer loop
      vertex 144 124.65753424657534 12
      vertex 144 47.77157916361491 99.16497149259584
      vertex 144 47.54706667107059 99.20962980399413
    endloop
  endfacet
  facet normal 1 0 0
    outer loop
      vertex 144 124.65753424657534 12
      vertex 144 48.22842083638509 99.16497149259584
      vertex 144 48 99.15
    endloop
  endfacet
  facet normal 1 0 0
    outer loop
      vertex 144 124.65753424657534 12
      vertex 144 48 99.15
      vertex 144 47.77157916361491 99.16497149259584
    endloop
  endfacet
  facet normal 1 0 0
    outer loop
      vertex 144 124.65753424657534 12
      vertex 144 47.54706667107059 99.20962980399413
      vertex 144 47.33030399336109 99.28321081810526
    endloop
  endfacet
  facet normal 1 0 0
    outer loop
      vertex 144 124.65753424657534 12
      vertex 144 48.45293332892941 99.20962980399413
      vertex 144 48.22842083638509 99.16497149259584
    endloop
  endfacet
  facet normal 1 0 0
    outer loop
      vertex 144 124.65753424657534 12
      vertex 144 48.875 99.38445554337724
      vertex 144 48.66969600663891 99.28321081810526
    endloop
  endfacet
  facet normal 1 0 0
    outer loop
      vertex 144 124.65753424657534 12
      vertex 144 48.66969600663891 99.28321081810526
      vertex 144 48.45293332892941 99.20962980399413
    endloop
  endfacet
  facet normal 1 0 0
    outer loop
      vertex 144 124.65753424657534 12
      vertex 144 49.06533250076526 99.51163165449034
      vertex 144 48.875 99.38445554337724
    endloop
  endfacet
  facet normal 1 0 0
    outer loop
      vertex 144 124.65753424657534 12
      vertex 144 49.23743686707646 99.66256313292355
      vertex 144 49.06533250076526 99.51163165449034
    endloop
  endfacet
  facet normal 1 0 0
    outer loop
      vertex 144 124.65753424657534 12
      vertex 144 49.38836834550966 99.83466749923474
      vertex 144 49.23743686707646 99.66256313292355
    endloop
  endfacet
  facet normal 1 0 0
    outer loop
      vertex 144 124.65753424657534 12
      vertex 144 49.51554445662277 100.025
      vertex 144 49.38836834550966 99.83466749923474
    endloop
  endfacet
  facet normal 1 0 0
    outer loop
      vertex 144 124.65753424657534 12
      vertex 144 49.61678918189475 100.2303039933611
      vertex 144 49.51554445662277 100.025
    endloop
  endfacet
  facet normal 1 0 0
    outer loop
      vertex 144 124.65753424657534 12
      vertex 144 49.69037019600587 100.4470666710706
      vertex 144 49.61678918189475 100.2303039933611
    endloop
  endfacet
  facet normal 1 0 0
    outer loop
      vertex 144 124.65753424657534 12
      vertex 144 49.73502850740417 100.67157916361492
      vertex 144 49.69037019600587 100.4470666710706
    endloop
  endfacet
  facet normal 1 0 0
    outer loop
      vertex 144 124.65753424657534 12
      vertex 144 49.75 100.9
      vertex 144 49.73502850740417 100.67157916361492
    endloop
  endfacet
  facet normal -1 0 0
    outer loop
      vertex 140 260 12
      vertex 140 47.33030399336109 99.28321081810526
      vertex 140 47.54706667107059 99.20962980399413
    endloop
  endfacet
  facet normal -1 0 0
    outer loop
      vertex 140 260 12
      vertex 140 47.54706667107059 99.20962980399413
      vertex 140 47.77157916361491 99.16497149259584
    endloop
  endfacet
  facet normal -1 0 0
    outer loop
      vertex 140 260 12
      vertex 140 47.77157916361491 99.16497149259584
      vertex 140 48 99.15
    endloop
  endfacet
  facet normal -1 0 0
    outer loop
      vertex 140 260 12
      vertex 140 48 99.15
      vertex 140 48.22842083638509 99.16497149259584
    endloop
  endfacet
  facet normal -1 0 0
    outer loop
      vertex 140 260 12
      vertex 140 48.22842083638509 99.16497149259584
      vertex 140 48.45293332892941 99.20962980399413
    endloop
  endfacet
  facet normal -1 0 0
    outer loop
      vertex 140 260 12
      vertex 140 48.45293332892941 99.20962980399413
      vertex 140 48.66969600663891 99.28321081810526
    endloop
  endfacet
  facet normal -1 0 0
    outer loop
      vertex 140 260 12
      vertex 140 48.66969600663891 99.28321081810526
      vertex 140 48.875 99.38445554337724
    endloop
  endfacet
  facet normal -1 0 0
    outer loop
      vertex 140 260 12
      vertex 140 48.875 99.38445554337724
      vertex 140 49.06533250076526 99.51163165449034
    endloop
  endfacet
  facet normal -1 0 0
    outer loop
      vertex 140 260 12
      vertex 140 49.06533250076526 99.51163165449034
      vertex 140 49.23743686707646 99.66256313292355
    endloop
  endfacet
  facet normal -1 0 0
    outer loop
      vertex 140 260 12
      vertex 140 49.23743686707646 99.66256313292355
      vertex 140 49.38836834550966 99.83466749923474
    endloop
  endfacet
  facet normal -1 0 0
    outer loop
      vertex 140 260 12
      vertex 140 49.38836834550966 99.83466749923474
      vertex 140 49.51554445662277 100.025
    endloop
  endfacet
  facet normal -1 0 0
    outer loop
      vertex 140 260 12
      vertex 140 49.51554445662277 100.025
      vertex 140 49.61678918189475 100.2303039933611
    endloop
  endfacet
  facet normal -1 0 0
    outer loop
      vertex 140 260 12
      vertex 140 49.61678918189475 100.2303039933611
      vertex 140 49.69037019600587 100.4470666710706
    endloop
  endfacet
  facet normal -1 0 0
    outer loop
      vertex 140 260 12
      vertex 140 49.69037019600587 100.4470666710706
      vertex 140 49.73502850740417 100.67157916361492
    endloop
  endfacet
  facet normal -1 0 0
    outer loop
      vertex 140 260 12
      vertex 140 49.73502850740417 100.67157916361492
      vertex 140 49.75 100.9
    endloop
  endfacet
  facet normal -1 0 0
    outer loop
      vertex 140 260 12
      vertex 140 49.75 100.9
      vertex 140 49.73502850740417 101.12842083638509
    endloop
  endfacet
  facet normal -1 0 0
    outer loop
      vertex 140 260 12
      vertex 140 49.73502850740417 101.12842083638509
      vertex 140 49.69037019600587 101.35293332892941
    endloop
  endfacet
  facet normal -1 0 0
    outer loop
      vertex 140 260 12
      vertex 140 49.69037019600587 101.35293332892941
      vertex 140 49.61678918189475 101.5696960066389
    endloop
  endfacet
  facet normal -1 0 0
    outer loop
      vertex 140 260 12
      vertex 140 49.61678918189475 101.5696960066389
      vertex 140 49.51554445662277 101.775
    endloop
  endfacet
  facet normal -1 0 0
    outer loop
      vertex 140 260 12
      vertex 140 49.23743686707646 102.13743686707646
      vertex 140 49.06533250076526 102.28836834550967
    endloop
  endfacet
  facet normal -1 0 0
    outer loop
      vertex 140 260 12
      vertex 140 49.38836834550966 101.96533250076527
      vertex 140 49.23743686707646 102.13743686707646
    endloop
  endfacet
  facet normal -1 0 0
    outer loop
      vertex 140 260 12
      vertex 140 49.51554445662277 101.775
      vertex 140 49.38836834550966 101.96533250076527
    endloop
  endfacet
  facet normal -1 0 0
    outer loop
      vertex 140 260 12
      vertex 140 49.06533250076526 102.28836834550967
      vertex 140 48.875 102.41554445662277
    endloop
  endfacet
  facet normal -1 0 0
    outer loop
      vertex 140 260 12
      vertex 140 48.875 102.41554445662277
      vertex 140 48.66969600663891 102.51678918189475
    endloop
  endfacet
  facet normal 1 0 0
    outer loop
      vertex 144 249.31506849315068 12
      vertex 144 49.73502850740417 101.12842083638509
      vertex 144 49.75 100.9
    endloop
  endfacet
  facet normal 1 0 0
    outer loop
      vertex 144 249.31506849315068 12
      vertex 144 49.69037019600587 101.35293332892941
      vertex 144 49.73502850740417 101.12842083638509
    endloop
  endfacet
  facet normal 1 0 0
    outer loop
      vertex 144 249.31506849315068 12
      vertex 144 49.61678918189475 101.5696960066389
      vertex 144 49.69037019600587 101.35293332892941
    endloop
  endfacet
  facet normal 1 0 0
    outer loop
      vertex 144 249.31506849315068 12
      vertex 144 49.51554445662277 101.775
      vertex 144 49.61678918189475 101.5696960066389
    endloop
  endfacet
  facet normal 1 0 0
    outer loop
      vertex 144 249.31506849315068 12
      vertex 144 49.23743686707646 102.13743686707646
      vertex 144 49.38836834550966 101.96533250076527
    endloop
  endfacet
  facet normal 1 0 0
    outer loop
      vertex 144 249.31506849315068 12
      vertex 144 49.38836834550966 101.96533250076527
      vertex 144 49.51554445662277 101.775
    endloop
  endfacet
  facet normal 0 -1 0
    outer loop
      vertex 144 20 10
      vertex 266 20 6
      vertex 266 20 10
    endloop
  endfacet
  facet normal 0 0 -1
    outer loop
      vertex 144 20 6
      vertex 267.16923076923075 76 6
      vertex 266 20 6
    endloop
  endfacet
  facet normal 0 0 1
    outer loop
      vertex 144 76 10
      vertex 266 20 10
      vertex 266 76 10
    endloop
  endfacet
  facet normal 0 0 -1
    outer loop
      vertex 266 0 6
      vertex 266.3076923076923 20 6
      vertex 270 0 6
    endloop
  endfacet
  facet normal 0 0 -1
    outer loop
      vertex 266 0 6
      vertex 266 20 6
      vertex 266.3076923076923 20 6
    endloop
  endfacet
  facet normal -1 0 0
    outer loop
      vertex 266 0 6
      vertex 266 20 10
      vertex 266 20 6
    endloop
  endfacet
  facet normal 0 0 -1
    outer loop
      vertex 270 0 6
      vertex 266.3076923076923 20 6
      vertex 267.16923076923075 76 6
    endloop
  endfacet
  facet normal 0 0 -1
    outer loop
      vertex 266 20 6
      vertex 267.16923076923075 76 6
      vertex 266.3076923076923 20 6
    endloop
  endfacet
  facet normal 0 -1 0
    outer loop
      vertex 266 0 6
      vertex 270 0 6
      vertex 270 0 152
    endloop
  endfacet
  facet normal -1 0 0
    outer loop
      vertex 266 0 6
      vertex 266 46.93466749923474 99.51163165449034
      vertex 266 47.125 99.38445554337724
    endloop
  endfacet
  facet normal -1 0 0
    outer loop
      vertex 266 0 6
      vertex 266 46.76256313292354 99.66256313292355
      vertex 266 46.93466749923474 99.51163165449034
    endloop
  endfacet
  facet normal -1 0 0
    outer loop
      vertex 266 0 6
      vertex 266 46.61163165449034 99.83466749923474
      vertex 266 46.76256313292354 99.66256313292355
    endloop
  endfacet
  facet normal -1 0 0
    outer loop
      vertex 266 0 6
      vertex 266 46.48445554337723 100.025
      vertex 266 46.61163165449034 99.83466749923474
    endloop
  endfacet
  facet normal -1 0 0
    outer loop
      vertex 266 0 6
      vertex 266 47.54706667107059 99.20962980399413
      vertex 266 47.77157916361491 99.16497149259584
    endloop
  endfacet
  facet normal -1 0 0
    outer loop
      vertex 266 0 6
      vertex 266 47.77157916361491 99.16497149259584
      vertex 266 48 99.15
    endloop
  endfacet
  facet normal -1 0 0
    outer loop
      vertex 266 0 6
      vertex 266 48 99.15
      vertex 266 48.22842083638509 99.16497149259584
    endloop
  endfacet
  facet normal -1 0 0
    outer loop
      vertex 266 0 6
      vertex 266 48.22842083638509 99.16497149259584
      vertex 266 48.45293332892941 99.20962980399413
    endloop
  endfacet
  facet normal -1 0 0
    outer loop
      vertex 266 0 6
      vertex 266 47.125 99.38445554337724
      vertex 266 47.33030399336109 99.28321081810526
    endloop
  endfacet
  facet normal -1 0 0
    outer loop
      vertex 266 0 6
      vertex 266 47.33030399336109 99.28321081810526
      vertex 266 47.54706667107059 99.20962980399413
    endloop
  endfacet
  facet normal -1 0 0
    outer loop
      vertex 266 0 6
      vertex 266 46.38321081810525 100.2303039933611
      vertex 266 46.48445554337723 100.025
    endloop
  endfacet
  facet normal -1 0 0
    outer loop
      vertex 266 0 6
      vertex 266 46.30962980399413 100.4470666710706
      vertex 266 46.38321081810525 100.2303039933611
    endloop
  endfacet
  facet normal -1 0 0
    outer loop
      vertex 266 0 6
      vertex 266 46.26497149259583 100.67157916361492
      vertex 266 46.30962980399413 100.4470666710706
    endloop
  endfacet
  facet normal -1 0 0
    outer loop
      vertex 266 0 6
      vertex 266 46.25 100.9
      vertex 266 46.26497149259583 100.67157916361492
    endloop
  endfacet
  facet normal 1 0 0
    outer loop
      vertex 270 0 6
      vertex 270 47.125 99.38445554337724
      vertex 270 46.93466749923474 99.51163165449034
    endloop
  endfacet
  facet normal 1 0 0
    outer loop
      vertex 270 0 6
      vertex 270 46.93466749923474 99.51163165449034
      vertex 270 46.76256313292354 99.66256313292355
    endloop
  endfacet
  facet normal 1 0 0
    outer loop
      vertex 270 0 6
      vertex 270 48 99.15
      vertex 270 47.77157916361491 99.16497149259584
    endloop
  endfacet
  facet normal 1 0 0
    outer loop
      vertex 270 0 6
      vertex 270 47.77157916361491 99.16497149259584
      vertex 270 47.54706667107059 99.20962980399413
    endloop
  endfacet
  facet normal 1 0 0
    outer loop
      vertex 270 0 6
      vertex 270 48.45293332892941 99.20962980399413
      vertex 270 48.22842083638509 99.16497149259584
    endloop
  endfacet
  facet normal 1 0 0
    outer loop
      vertex 270 0 6
      vertex 270 48.22842083638509 99.16497149259584
      vertex 270 48 99.15
    endloop
  endfacet
  facet normal 1 0 0
    outer loop
      vertex 270 0 6
      vertex 270 47.54706667107059 99.20962980399413
      vertex 270 47.33030399336109 99.28321081810526
    endloop
  endfacet
  facet normal 1 0 0
    outer loop
      vertex 270 0 6
      vertex 270 47.33030399336109 99.28321081810526
      vertex 270 47.125 99.38445554337724
    endloop
  endfacet
  facet normal 1 0 0
    outer loop
      vertex 270 0 6
      vertex 270 48.66969600663891 99.28321081810526
      vertex 270 48.45293332892941 99.20962980399413
    endloop
  endfacet
  facet normal 1 0 0
    outer loop
      vertex 270 0 6
      vertex 270 49.06533250076526 99.51163165449034
      vertex 270 48.875 99.38445554337724
    endloop
  endfacet
  facet normal 1 0 0
    outer loop
      vertex 270 0 6
      vertex 270 48.875 99.38445554337724
      vertex 270 48.66969600663891 99.28321081810526
    endloop
  endfacet
  facet normal 1 0 0
    outer loop
      vertex 270 0 6
      vertex 270 49.23743686707646 99.66256313292355
      vertex 270 49.06533250076526 99.51163165449034
    endloop
  endfacet
  facet normal 1 0 0
    outer loop
      vertex 270 0 6
      vertex 270 49.38836834550966 99.83466749923474
      vertex 270 49.23743686707646 99.66256313292355
    endloop
  endfacet
  facet normal 1 0 0
    outer loop
      vertex 270 0 6
      vertex 270 49.51554445662277 100.025
      vertex 270 49.38836834550966 99.83466749923474
    endloop
  endfacet
  facet normal 0 0 -1
    outer loop
      vertex 140 62.53164556962025 6
      vertex 266 76 6
      vertex 267.16923076923075 76 6
    endloop
  endfacet
  facet normal 0 1 0
    outer loop
      vertex 144 76 6
      vertex 266 76 10
      vertex 266 76 6
    endloop
  endfacet
  facet normal 0 0 -1
    outer loop
      vertex 270 0 6
      vertex 267.16923076923075 76 6
      vertex 270 260 6
    endloop
  endfacet
  facet normal 1 0 0
    outer loop
      vertex 270 0 6
      vertex 270 260 6
      vertex 270 49.51554445662277 100.025
    endloop
  endfacet
  facet normal -1 0 0
    outer loop
      vertex 266 0 6
      vertex 266 260 152
      vertex 266 20 10
    endloop
  endfacet
  facet normal -1 0 0
    outer loop
      vertex 266 20 10
      vertex 266 260 152
      vertex 266 76 10
    endloop
  endfacet
  facet normal 1 0 0
    outer loop
      vertex 270 260 6
      vertex 270 49.61678918189475 100.2303039933611
      vertex 270 49.51554445662277 100.025
    endloop
  endfacet
  facet normal 1 0 0
    outer loop
      vertex 270 260 6
      vertex 270 49.69037019600587 100.4470666710706
      vertex 270 49.61678918189475 100.2303039933611
    endloop
  endfacet
  facet normal 1 0 0
    outer loop
      vertex 270 260 6
      vertex 270 49.73502850740417 100.67157916361492
      vertex 270 49.69037019600587 100.4470666710706
    endloop
  endfacet
  facet normal 1 0 0
    outer loop
      vertex 270 260 6
      vertex 270 49.75 100.9
      vertex 270 49.73502850740417 100.67157916361492
    endloop
  endfacet
  facet normal 1 0 0
    outer loop
      vertex 270 260 6
      vertex 270 49.73502850740417 101.12842083638509
      vertex 270 49.75 100.9
    endloop
  endfacet
  facet normal 1 0 0
    outer loop
      vertex 270 260 6
      vertex 270 49.69037019600587 101.35293332892941
      vertex 270 49.73502850740417 101.12842083638509
    endloop
  endfacet
  facet normal 1 0 0
    outer loop
      vertex 270 260 6
      vertex 270 49.61678918189475 101.5696960066389
      vertex 270 49.69037019600587 101.35293332892941
    endloop
  endfacet
  facet normal 1 0 0
    outer loop
      vertex 270 260 6
      vertex 270 49.51554445662277 101.775
      vertex 270 49.61678918189475 101.5696960066389
    endloop
  endfacet
  facet normal 1 0 0
    outer loop
      vertex 270 260 6
      vertex 270 48.875 102.41554445662277
      vertex 270 49.06533250076526 102.28836834550967
    endloop
  endfacet
  facet normal 1 0 0
    outer loop
      vertex 270 260 6
      vertex 270 48.66969600663891 102.51678918189475
      vertex 270 48.875 102.41554445662277
    endloop
  endfacet
  facet normal 1 0 0
    outer loop
      vertex 270 260 6
      vertex 270 49.06533250076526 102.28836834550967
      vertex 270 49.23743686707646 102.13743686707646
    endloop
  endfacet
  facet normal 1 0 0
    outer loop
      vertex 270 260 6
      vertex 270 49.23743686707646 102.13743686707646
      vertex 270 49.38836834550966 101.96533250076527
    endloop
  endfacet
  facet normal 1 0 0
    outer loop
      vertex 270 260 6
      vertex 270 49.38836834550966 101.96533250076527
      vertex 270 49.51554445662277 101.775
    endloop
  endfacet
  facet normal -1 0 0
    outer loop
      vertex 140 0 12
      vertex 140 0 152
      vertex 140 46.25 100.9
    endloop
  endfacet
  facet normal 0 -1 0
    outer loop
      vertex 140 0 12
      vertex 144 0 152
      vertex 140 0 152
    endloop
  endfacet
  facet normal 1 0 0
    outer loop
      vertex 144 124.65753424657534 12
      vertex 144 46.76256313292354 99.66256313292355
      vertex 144 0 152
    endloop
  endfacet
  facet normal 0 0.4422886902189967 0.8968727415326906
    outer loop
      vertex 140 47.125 99.38445554337724
      vertex 144 47.125 99.38445554337724
      vertex 140 47.33030399336109 99.28321081810526
    endloop
  endfacet
  facet normal 0 0.5555702330195935 0.831469612302551
    outer loop
      vertex 140 46.93466749923474 99.51163165449034
      vertex 144 46.93466749923474 99.51163165449034
      vertex 140 47.125 99.38445554337724
    endloop
  endfacet
  facet normal 0 0.19509032201610832 0.9807852804032344
    outer loop
      vertex 140 47.54706667107059 99.20962980399413
      vertex 144 47.54706667107059 99.20962980399413
      vertex 140 47.77157916361491 99.16497149259584
    endloop
  endfacet
  facet normal 0 0.321439465303198 0.9469301294950933
    outer loop
      vertex 140 47.33030399336109 99.28321081810526
      vertex 144 47.33030399336109 99.28321081810526
      vertex 140 47.54706667107059 99.20962980399413
    endloop
  endfacet
  facet normal 0 0.0654031292301505 0.997858923238603
    outer loop
      vertex 140 47.77157916361491 99.16497149259584
      vertex 144 47.77157916361491 99.16497149259584
      vertex 140 48 99.15
    endloop
  endfacet
  facet normal 0 -0.0654031292301505 0.997858923238603
    outer loop
      vertex 140 48 99.15
      vertex 144 48 99.15
      vertex 140 48.22842083638509 99.16497149259584
    endloop
  endfacet
  facet normal 0 -0.19509032201610832 0.9807852804032344
    outer loop
      vertex 140 48.22842083638509 99.16497149259584
      vertex 144 48.22842083638509 99.16497149259584
      vertex 140 48.45293332892941 99.20962980399413
    endloop
  endfacet
  facet normal 0 -0.321439465303198 0.9469301294950933
    outer loop
      vertex 140 48.45293332892941 99.20962980399413
      vertex 144 48.45293332892941 99.20962980399413
      vertex 140 48.66969600663891 99.28321081810526
    endloop
  endfacet
  facet normal 0 -0.4422886902189967 0.8968727415326906
    outer loop
      vertex 140 48.66969600663891 99.28321081810526
      vertex 144 48.66969600663891 99.28321081810526
      vertex 140 48.875 99.38445554337724
    endloop
  endfacet
  facet normal -1.0516260864162092e-18 0.5555702330195935 0.831469612302551
    outer loop
      vertex 144 46.93466749923474 99.51163165449034
      vertex 144 47.125 99.38445554337724
      vertex 140 47.125 99.38445554337724
    endloop
  endfacet
  facet normal 4.090494858290734e-19 0.321439465303198 0.9469301294950933
    outer loop
      vertex 144 47.33030399336109 99.28321081810526
      vertex 144 47.54706667107059 99.20962980399413
      vertex 140 47.54706667107059 99.20962980399413
    endloop
  endfacet
  facet normal -5.155326865545531e-19 0.19509032201610832 0.9807852804032344
    outer loop
      vertex 144 47.54706667107059 99.20962980399413
      vertex 144 47.77157916361491 99.16497149259584
      vertex 140 47.77157916361491 99.16497149259584
    endloop
  endfacet
  facet normal 1.7386446449024034e-18 0.4422886902189967 0.8968727415326906
    outer loop
      vertex 144 47.125 99.38445554337724
      vertex 144 47.33030399336109 99.28321081810526
      vertex 140 47.33030399336109 99.28321081810526
    endloop
  endfacet
  facet normal 2.92254681541486e-20 0.0654031292301505 0.997858923238603
    outer loop
      vertex 144 47.77157916361491 99.16497149259584
      vertex 144 48 99.15
      vertex 140 48 99.15
    endloop
  endfacet
  facet normal -2.92254681541486e-20 -0.0654031292301505 0.997858923238603
    outer loop
      vertex 144 48 99.15
      vertex 144 48.22842083638509 99.16497149259584
      vertex 140 48.22842083638509 99.16497149259584
    endloop
  endfacet
  facet normal 5.155326865545531e-19 -0.19509032201610832 0.9807852804032344
    outer loop
      vertex 144 48.22842083638509 99.16497149259584
      vertex 144 48.45293332892941 99.20962980399413
      vertex 140 48.45293332892941 99.20962980399413
    endloop
  endfacet
  facet normal -4.090494858290734e-19 -0.321439465303198 0.9469301294950933
    outer loop
      vertex 144 48.45293332892941 99.20962980399413
      vertex 144 48.66969600663891 99.28321081810526
      vertex 140 48.66969600663891 99.28321081810526
    endloop
  endfacet
  facet normal 0 0.7518398074789673 0.6593458151000803
    outer loop
      vertex 140 46.61163165449034 99.83466749923474
      vertex 144 46.61163165449034 99.83466749923474
      vertex 140 46.76256313292354 99.66256313292355
    endloop
  endfacet
  facet normal 1.7612456672033556e-18 0.8314696123025462 0.5555702330196006
    outer loop
      vertex 140 46.61163165449034 99.83466749923474
      vertex 140 46.48445554337723 100.025
      vertex 144 46.48445554337723 100.025
    endloop
  endfacet
  facet normal 4.1550818753665095e-19 0.8968727415326967 0.44228869021898437
    outer loop
      vertex 140 46.48445554337723 100.025
      vertex 140 46.38321081810525 100.2303039933611
      vertex 144 46.38321081810525 100.2303039933611
    endloop
  endfacet
  facet normal 1.4367733887507788e-19 0.9469301294951027 0.32143946530317014
    outer loop
      vertex 140 46.38321081810525 100.2303039933611
      vertex 140 46.30962980399413 100.4470666710706
      vertex 144 46.30962980399413 100.4470666710706
    endloop
  endfacet
  facet normal -5.155326865545531e-19 0.9807852804032344 0.19509032201610832
    outer loop
      vertex 140 46.30962980399413 100.4470666710706
      vertex 140 46.26497149259583 100.67157916361492
      vertex 144 46.26497149259583 100.67157916361492
    endloop
  endfacet
  facet normal 0 0.7518398074789673 0.6593458151000803
    outer loop
      vertex 140 46.76256313292354 99.66256313292355
      vertex 144 46.61163165449034 99.83466749923474
      vertex 144 46.76256313292354 99.66256313292355
    endloop
  endfacet
  facet normal 0 0.8968727415326967 0.44228869021898437
    outer loop
      vertex 140 46.48445554337723 100.025
      vertex 144 46.38321081810525 100.2303039933611
      vertex 144 46.48445554337723 100.025
    endloop
  endfacet
  facet normal 0 0.8314696123025462 0.5555702330196006
    outer loop
      vertex 144 46.61163165449034 99.83466749923474
      vertex 140 46.61163165449034 99.83466749923474
      vertex 144 46.48445554337723 100.025
    endloop
  endfacet
  facet normal 0 0.9469301294951027 0.32143946530317014
    outer loop
      vertex 144 46.38321081810525 100.2303039933611
      vertex 140 46.38321081810525 100.2303039933611
      vertex 144 46.30962980399413 100.4470666710706
    endloop
  endfacet
  facet normal 0 0.9807852804032344 0.19509032201610832
    outer loop
      vertex 144 46.30962980399413 100.4470666710706
      vertex 140 46.30962980399413 100.4470666710706
      vertex 144 46.26497149259583 100.67157916361492
    endloop
  endfacet
  facet normal 1.679695624159502e-19 0.9978589232386028 0.06540312923015253
    outer loop
      vertex 140 46.26497149259583 100.67157916361492
      vertex 140 46.25 100.9
      vertex 144 46.25 100.9
    endloop
  endfacet
  facet normal -1.679695624159502e-19 0.9978589232386028 -0.06540312923015253
    outer loop
      vertex 140 46.25 100.9
      vertex 140 46.26497149259583 101.12842083638509
      vertex 144 46.26497149259583 101.12842083638509
    endloop
  endfacet
  facet normal 5.155326865545531e-19 0.9807852804032344 -0.19509032201610832
    outer loop
      vertex 140 46.26497149259583 101.12842083638509
      vertex 140 46.30962980399413 101.35293332892941
      vertex 144 46.30962980399413 101.35293332892941
    endloop
  endfacet
  facet normal -1.4367733887507788e-19 0.9469301294951027 -0.32143946530317014
    outer loop
      vertex 140 46.30962980399413 101.35293332892941
      vertex 140 46.38321081810525 101.5696960066389
      vertex 144 46.38321081810525 101.5696960066389
    endloop
  endfacet
  facet normal -4.1550818753665095e-19 0.8968727415326967 -0.44228869021898437
    outer loop
      vertex 140 46.38321081810525 101.5696960066389
      vertex 140 46.48445554337723 101.775
      vertex 144 46.48445554337723 101.775
    endloop
  endfacet
  facet normal 0 0.9978589232386028 0.06540312923015253
    outer loop
      vertex 144 46.26497149259583 100.67157916361492
      vertex 140 46.26497149259583 100.67157916361492
      vertex 144 46.25 100.9
    endloop
  endfacet
  facet normal 0 0.9978589232386028 -0.06540312923015253
    outer loop
      vertex 144 46.25 100.9
      vertex 140 46.25 100.9
      vertex 144 46.26497149259583 101.12842083638509
    endloop
  endfacet
  facet normal 0 0.9807852804032344 -0.19509032201610832
    outer loop
      vertex 144 46.26497149259583 101.12842083638509
      vertex 140 46.26497149259583 101.12842083638509
      vertex 144 46.30962980399413 101.35293332892941
    endloop
  endfacet
  facet normal 0 0.9469301294951027 -0.32143946530317014
    outer loop
      vertex 144 46.30962980399413 101.35293332892941
      vertex 140 46.30962980399413 101.35293332892941
      vertex 144 46.38321081810525 101.5696960066389
    endloop
  endfacet
  facet normal 0 0.8968727415326967 -0.44228869021898437
    outer loop
      vertex 144 46.38321081810525 101.5696960066389
      vertex 140 46.38321081810525 101.5696960066389
      vertex 144 46.48445554337723 101.775
    endloop
  endfacet
  facet normal -1.4302873322411368e-18 0.6593458151000672 0.751839807478979
    outer loop
      vertex 140 46.93466749923474 99.51163165449034
      vertex 140 46.76256313292354 99.66256313292355
      vertex 144 46.76256313292354 99.66256313292355
    endloop
  endfacet
  facet normal -1.4302873322411368e-18 0.6593458151000672 0.751839807478979
    outer loop
      vertex 144 46.76256313292354 99.66256313292355
      vertex 144 46.93466749923474 99.51163165449034
      vertex 140 46.93466749923474 99.51163165449034
    endloop
  endfacet
  facet normal -1.7612456672033556e-18 0.8314696123025462 -0.5555702330196006
    outer loop
      vertex 140 46.48445554337723 101.775
      vertex 140 46.61163165449034 101.96533250076527
      vertex 144 46.61163165449034 101.96533250076527
    endloop
  endfacet
  facet normal -1.1655269965592077e-18 0.7518398074789673 -0.6593458151000803
    outer loop
      vertex 140 46.61163165449034 101.96533250076527
      vertex 140 46.76256313292354 102.13743686707646
      vertex 144 46.76256313292354 102.13743686707646
    endloop
  endfacet
  facet normal 0 0.8314696123025462 -0.5555702330196006
    outer loop
      vertex 144 46.48445554337723 101.775
      vertex 140 46.48445554337723 101.775
      vertex 144 46.61163165449034 101.96533250076527
    endloop
  endfacet
  facet normal 0 0.7518398074789673 -0.6593458151000803
    outer loop
      vertex 144 46.61163165449034 101.96533250076527
      vertex 140 46.61163165449034 101.96533250076527
      vertex 144 46.76256313292354 102.13743686707646
    endloop
  endfacet
  facet normal 1.4302873322411368e-18 0.6593458151000672 -0.751839807478979
    outer loop
      vertex 140 46.76256313292354 102.13743686707646
      vertex 140 46.93466749923474 102.28836834550967
      vertex 144 46.93466749923474 102.28836834550967
    endloop
  endfacet
  facet normal 1.0516260864162092e-18 0.5555702330195935 -0.831469612302551
    outer loop
      vertex 140 46.93466749923474 102.28836834550967
      vertex 140 47.125 102.41554445662277
      vertex 144 47.125 102.41554445662277
    endloop
  endfacet
  facet normal -1.7386446449024034e-18 0.4422886902189967 -0.8968727415326906
    outer loop
      vertex 140 47.125 102.41554445662277
      vertex 140 47.33030399336109 102.51678918189475
      vertex 144 47.33030399336109 102.51678918189475
    endloop
  endfacet
  facet normal -4.090494858290734e-19 0.321439465303198 -0.9469301294950933
    outer loop
      vertex 140 47.33030399336109 102.51678918189475
      vertex 140 47.54706667107059 102.59037019600588
      vertex 144 47.54706667107059 102.59037019600588
    endloop
  endfacet
  facet normal 5.155326865545531e-19 0.19509032201610832 -0.9807852804032344
    outer loop
      vertex 140 47.54706667107059 102.59037019600588
      vertex 140 47.77157916361491 102.63502850740417
      vertex 144 47.77157916361491 102.63502850740417
    endloop
  endfacet
  facet normal -2.92254681541486e-20 0.0654031292301505 -0.997858923238603
    outer loop
      vertex 140 47.77157916361491 102.63502850740417
      vertex 140 48 102.65
      vertex 144 48 102.65
    endloop
  endfacet
  facet normal 2.92254681541486e-20 -0.0654031292301505 -0.997858923238603
    outer loop
      vertex 140 48 102.65
      vertex 140 48.22842083638509 102.63502850740417
      vertex 144 48.22842083638509 102.63502850740417
    endloop
  endfacet
  facet normal -5.155326865545531e-19 -0.19509032201610832 -0.9807852804032344
    outer loop
      vertex 140 48.22842083638509 102.63502850740417
      vertex 140 48.45293332892941 102.59037019600588
      vertex 144 48.45293332892941 102.59037019600588
    endloop
  endfacet
  facet normal 4.090494858290734e-19 -0.321439465303198 -0.9469301294950933
    outer loop
      vertex 140 48.45293332892941 102.59037019600588
      vertex 140 48.66969600663891 102.51678918189475
      vertex 144 48.66969600663891 102.51678918189475
    endloop
  endfacet
  facet normal 1.4302873322411368e-18 0.6593458151000672 -0.751839807478979
    outer loop
      vertex 144 46.93466749923474 102.28836834550967
      vertex 144 46.76256313292354 102.13743686707646
      vertex 140 46.76256313292354 102.13743686707646
    endloop
  endfacet
  facet normal 1.0516260864162092e-18 0.5555702330195935 -0.831469612302551
    outer loop
      vertex 144 47.125 102.41554445662277
      vertex 144 46.93466749923474 102.28836834550967
      vertex 140 46.93466749923474 102.28836834550967
    endloop
  endfacet
  facet normal -1.7386446449024034e-18 0.4422886902189967 -0.8968727415326906
    outer loop
      vertex 144 47.33030399336109 102.51678918189475
      vertex 144 47.125 102.41554445662277
      vertex 140 47.125 102.41554445662277
    endloop
  endfacet
  facet normal -4.090494858290734e-19 0.321439465303198 -0.9469301294950933
    outer loop
      vertex 144 47.54706667107059 102.59037019600588
      vertex 144 47.33030399336109 102.51678918189475
      vertex 140 47.33030399336109 102.51678918189475
    endloop
  endfacet
  facet normal 5.155326865545531e-19 0.19509032201610832 -0.9807852804032344
    outer loop
      vertex 144 47.77157916361491 102.63502850740417
      vertex 144 47.54706667107059 102.59037019600588
      vertex 140 47.54706667107059 102.59037019600588
    endloop
  endfacet
  facet normal -2.92254681541486e-20 0.0654031292301505 -0.997858923238603
    outer loop
      vertex 144 48 102.65
      vertex 144 47.77157916361491 102.63502850740417
      vertex 140 47.77157916361491 102.63502850740417
    endloop
  endfacet
  facet normal 2.92254681541486e-20 -0.0654031292301505 -0.997858923238603
    outer loop
      vertex 144 48.22842083638509 102.63502850740417
      vertex 144 48 102.65
      vertex 140 48 102.65
    endloop
  endfacet
  facet normal -5.155326865545531e-19 -0.19509032201610832 -0.9807852804032344
    outer loop
      vertex 144 48.45293332892941 102.59037019600588
      vertex 144 48.22842083638509 102.63502850740417
      vertex 140 48.22842083638509 102.63502850740417
    endloop
  endfacet
  facet normal 1.7386446449024034e-18 -0.4422886902189967 -0.8968727415326906
    outer loop
      vertex 144 48.875 102.41554445662277
      vertex 144 48.66969600663891 102.51678918189475
      vertex 140 48.66969600663891 102.51678918189475
    endloop
  endfacet
  facet normal 4.090494858290734e-19 -0.321439465303198 -0.9469301294950933
    outer loop
      vertex 144 48.66969600663891 102.51678918189475
      vertex 144 48.45293332892941 102.59037019600588
      vertex 140 48.45293332892941 102.59037019600588
    endloop
  endfacet
  facet normal 0 -0.5555702330195935 0.831469612302551
    outer loop
      vertex 140 48.875 99.38445554337724
      vertex 144 48.875 99.38445554337724
      vertex 140 49.06533250076526 99.51163165449034
    endloop
  endfacet
  facet normal -1.7386446449024034e-18 -0.4422886902189967 0.8968727415326906
    outer loop
      vertex 144 48.66969600663891 99.28321081810526
      vertex 144 48.875 99.38445554337724
      vertex 140 48.875 99.38445554337724
    endloop
  endfacet
  facet normal 1.0516260864162092e-18 -0.5555702330195935 0.831469612302551
    outer loop
      vertex 144 48.875 99.38445554337724
      vertex 144 49.06533250076526 99.51163165449034
      vertex 140 49.06533250076526 99.51163165449034
    endloop
  endfacet
  facet normal 0 -0.6593458151000672 0.751839807478979
    outer loop
      vertex 140 49.06533250076526 99.51163165449034
      vertex 144 49.06533250076526 99.51163165449034
      vertex 140 49.23743686707646 99.66256313292355
    endloop
  endfacet
  facet normal 0 -0.7518398074789673 0.6593458151000803
    outer loop
      vertex 140 49.23743686707646 99.66256313292355
      vertex 144 49.23743686707646 99.66256313292355
      vertex 140 49.38836834550966 99.83466749923474
    endloop
  endfacet
  facet normal 0 -0.8314696123025462 0.5555702330196006
    outer loop
      vertex 140 49.38836834550966 99.83466749923474
      vertex 144 49.38836834550966 99.83466749923474
      vertex 140 49.51554445662277 100.025
    endloop
  endfacet
  facet normal 0 -0.8968727415326967 0.44228869021898437
    outer loop
      vertex 140 49.51554445662277 100.025
      vertex 144 49.51554445662277 100.025
      vertex 140 49.61678918189475 100.2303039933611
    endloop
  endfacet
  facet normal 0 -0.9469301294951027 0.32143946530317014
    outer loop
      vertex 140 49.61678918189475 100.2303039933611
      vertex 144 49.61678918189475 100.2303039933611
      vertex 140 49.69037019600587 100.4470666710706
    endloop
  endfacet
  facet normal 0 -0.9807852804032344 0.19509032201610832
    outer loop
      vertex 140 49.69037019600587 100.4470666710706
      vertex 144 49.69037019600587 100.4470666710706
      vertex 140 49.73502850740417 100.67157916361492
    endloop
  endfacet
  facet normal 1.4302873322411368e-18 -0.6593458151000672 0.751839807478979
    outer loop
      vertex 144 49.06533250076526 99.51163165449034
      vertex 144 49.23743686707646 99.66256313292355
      vertex 140 49.23743686707646 99.66256313292355
    endloop
  endfacet
  facet normal 0 -0.7518398074789673 0.6593458151000803
    outer loop
      vertex 140 49.38836834550966 99.83466749923474
      vertex 144 49.23743686707646 99.66256313292355
      vertex 144 49.38836834550966 99.83466749923474
    endloop
  endfacet
  facet normal 0 -0.8314696123025462 0.5555702330196006
    outer loop
      vertex 140 49.51554445662277 100.025
      vertex 144 49.38836834550966 99.83466749923474
      vertex 144 49.51554445662277 100.025
    endloop
  endfacet
  facet normal 0 -0.8968727415326967 0.44228869021898437
    outer loop
      vertex 140 49.61678918189475 100.2303039933611
      vertex 144 49.51554445662277 100.025
      vertex 144 49.61678918189475 100.2303039933611
    endloop
  endfacet
  facet normal 0 -0.9469301294951027 0.32143946530317014
    outer loop
      vertex 140 49.69037019600587 100.4470666710706
      vertex 144 49.61678918189475 100.2303039933611
      vertex 144 49.69037019600587 100.4470666710706
    endloop
  endfacet
  facet normal 0 -0.9807852804032344 0.19509032201610832
    outer loop
      vertex 140 49.73502850740417 100.67157916361492
      vertex 144 49.69037019600587 100.4470666710706
      vertex 144 49.73502850740417 100.67157916361492
    endloop
  endfacet
  facet normal 0 -0.9978589232386028 0.06540312923015253
    outer loop
      vertex 140 49.73502850740417 100.67157916361492
      vertex 144 49.73502850740417 100.67157916361492
      vertex 140 49.75 100.9
    endloop
  endfacet
  facet normal 0 -0.9978589232386028 -0.06540312923015253
    outer loop
      vertex 140 49.75 100.9
      vertex 144 49.75 100.9
      vertex 140 49.73502850740417 101.12842083638509
    endloop
  endfacet
  facet normal 0 -0.9807852804032344 -0.19509032201610832
    outer loop
      vertex 140 49.73502850740417 101.12842083638509
      vertex 144 49.73502850740417 101.12842083638509
      vertex 140 49.69037019600587 101.35293332892941
    endloop
  endfacet
  facet normal 0 -0.9469301294951027 -0.32143946530317014
    outer loop
      vertex 140 49.69037019600587 101.35293332892941
      vertex 144 49.69037019600587 101.35293332892941
      vertex 140 49.61678918189475 101.5696960066389
    endloop
  endfacet
  facet normal 0 -0.8968727415326967 -0.44228869021898437
    outer loop
      vertex 140 49.61678918189475 101.5696960066389
      vertex 144 49.61678918189475 101.5696960066389
      vertex 140 49.51554445662277 101.775
    endloop
  endfacet
  facet normal 0 -0.9978589232386028 0.06540312923015253
    outer loop
      vertex 140 49.75 100.9
      vertex 144 49.73502850740417 100.67157916361492
      vertex 144 49.75 100.9
    endloop
  endfacet
  facet normal 0 -0.9978589232386028 -0.06540312923015253
    outer loop
      vertex 140 49.73502850740417 101.12842083638509
      vertex 144 49.75 100.9
      vertex 144 49.73502850740417 101.12842083638509
    endloop
  endfacet
  facet normal 0 -0.9807852804032344 -0.19509032201610832
    outer loop
      vertex 140 49.69037019600587 101.35293332892941
      vertex 144 49.73502850740417 101.12842083638509
      vertex 144 49.69037019600587 101.35293332892941
    endloop
  endfacet
  facet normal 0 -0.9469301294951027 -0.32143946530317014
    outer loop
      vertex 140 49.61678918189475 101.5696960066389
      vertex 144 49.69037019600587 101.35293332892941
      vertex 144 49.61678918189475 101.5696960066389
    endloop
  endfacet
  facet normal 0 -0.8968727415326967 -0.44228869021898437
    outer loop
      vertex 140 49.51554445662277 101.775
      vertex 144 49.61678918189475 101.5696960066389
      vertex 144 49.51554445662277 101.775
    endloop
  endfacet
  facet normal -1.0516260864162092e-18 -0.5555702330195935 -0.831469612302551
    outer loop
      vertex 140 48.875 102.41554445662277
      vertex 140 49.06533250076526 102.28836834550967
      vertex 144 49.06533250076526 102.28836834550967
    endloop
  endfacet
  facet normal -1.4302873322411368e-18 -0.6593458151000672 -0.751839807478979
    outer loop
      vertex 140 49.06533250076526 102.28836834550967
      vertex 140 49.23743686707646 102.13743686707646
      vertex 144 49.23743686707646 102.13743686707646
    endloop
  endfacet
  facet normal 0 -0.8314696123025462 -0.5555702330196006
    outer loop
      vertex 140 49.51554445662277 101.775
      vertex 144 49.51554445662277 101.775
      vertex 140 49.38836834550966 101.96533250076527
    endloop
  endfacet
  facet normal 0 -0.7518398074789673 -0.6593458151000803
    outer loop
      vertex 140 49.38836834550966 101.96533250076527
      vertex 144 49.38836834550966 101.96533250076527
      vertex 140 49.23743686707646 102.13743686707646
    endloop
  endfacet
  facet normal 1.7386446449024034e-18 -0.4422886902189967 -0.8968727415326906
    outer loop
      vertex 140 48.66969600663891 102.51678918189475
      vertex 140 48.875 102.41554445662277
      vertex 144 48.875 102.41554445662277
    endloop
  endfacet
  facet normal 0 -0.5555702330195935 -0.831469612302551
    outer loop
      vertex 140 48.875 102.41554445662277
      vertex 144 49.06533250076526 102.28836834550967
      vertex 144 48.875 102.41554445662277
    endloop
  endfacet
  facet normal -1.4302873322411368e-18 -0.6593458151000672 -0.751839807478979
    outer loop
      vertex 144 49.23743686707646 102.13743686707646
      vertex 144 49.06533250076526 102.28836834550967
      vertex 140 49.06533250076526 102.28836834550967
    endloop
  endfacet
  facet normal 0 -0.8314696123025462 -0.5555702330196006
    outer loop
      vertex 140 49.38836834550966 101.96533250076527
      vertex 144 49.51554445662277 101.775
      vertex 144 49.38836834550966 101.96533250076527
    endloop
  endfacet
  facet normal 0 -0.7518398074789673 -0.6593458151000803
    outer loop
      vertex 144 49.23743686707646 102.13743686707646
      vertex 140 49.23743686707646 102.13743686707646
      vertex 144 49.38836834550966 101.96533250076527
    endloop
  endfacet
  facet normal -1 0 0
    outer loop
      vertex 140 0 152
      vertex 140 46.26497149259583 101.12842083638509
      vertex 140 46.25 100.9
    endloop
  endfacet
  facet normal -1 0 0
    outer loop
      vertex 140 0 152
      vertex 140 46.30962980399413 101.35293332892941
      vertex 140 46.26497149259583 101.12842083638509
    endloop
  endfacet
  facet normal -1 0 0
    outer loop
      vertex 140 0 152
      vertex 140 46.38321081810525 101.5696960066389
      vertex 140 46.30962980399413 101.35293332892941
    endloop
  endfacet
  facet normal -1 0 0
    outer loop
      vertex 140 0 152
      vertex 140 46.48445554337723 101.775
      vertex 140 46.38321081810525 101.5696960066389
    endloop
  endfacet
  facet normal -1 0 0
    outer loop
      vertex 140 0 152
      vertex 140 46.61163165449034 101.96533250076527
      vertex 140 46.48445554337723 101.775
    endloop
  endfacet
  facet normal -1 0 0
    outer loop
      vertex 140 0 152
      vertex 140 46.76256313292354 102.13743686707646
      vertex 140 46.61163165449034 101.96533250076527
    endloop
  endfacet
  facet normal -1 0 0
    outer loop
      vertex 140 0 152
      vertex 140 46.93466749923474 102.28836834550967
      vertex 140 46.76256313292354 102.13743686707646
    endloop
  endfacet
  facet normal -1 0 0
    outer loop
      vertex 140 0 152
      vertex 140 47.125 102.41554445662277
      vertex 140 46.93466749923474 102.28836834550967
    endloop
  endfacet
  facet normal -1 0 0
    outer loop
      vertex 140 0 152
      vertex 140 47.33030399336109 102.51678918189475
      vertex 140 47.125 102.41554445662277
    endloop
  endfacet
  facet normal -1 0 0
    outer loop
      vertex 140 0 152
      vertex 140 47.54706667107059 102.59037019600588
      vertex 140 47.33030399336109 102.51678918189475
    endloop
  endfacet
  facet normal -1 0 0
    outer loop
      vertex 140 0 152
      vertex 140 47.77157916361491 102.63502850740417
      vertex 140 47.54706667107059 102.59037019600588
    endloop
  endfacet
  facet normal -1 0 0
    outer loop
      vertex 140 0 152
      vertex 140 48 102.65
      vertex 140 47.77157916361491 102.63502850740417
    endloop
  endfacet
  facet normal -1 0 0
    outer loop
      vertex 140 0 152
      vertex 140 48.22842083638509 102.63502850740417
      vertex 140 48 102.65
    endloop
  endfacet
  facet normal -1 0 0
    outer loop
      vertex 140 0 152
      vertex 140 48.45293332892941 102.59037019600588
      vertex 140 48.22842083638509 102.63502850740417
    endloop
  endfacet
  facet normal -1 0 0
    outer loop
      vertex 140 0 152
      vertex 140 48.66969600663891 102.51678918189475
      vertex 140 48.45293332892941 102.59037019600588
    endloop
  endfacet
  facet normal 1 0 0
    outer loop
      vertex 144 0 152
      vertex 144 46.76256313292354 99.66256313292355
      vertex 144 46.61163165449034 99.83466749923474
    endloop
  endfacet
  facet normal 1 0 0
    outer loop
      vertex 144 0 152
      vertex 144 46.48445554337723 100.025
      vertex 144 46.38321081810525 100.2303039933611
    endloop
  endfacet
  facet normal 1 0 0
    outer loop
      vertex 144 0 152
      vertex 144 46.38321081810525 100.2303039933611
      vertex 144 46.30962980399413 100.4470666710706
    endloop
  endfacet
  facet normal 1 0 0
    outer loop
      vertex 144 0 152
      vertex 144 46.30962980399413 100.4470666710706
      vertex 144 46.26497149259583 100.67157916361492
    endloop
  endfacet
  facet normal 1 0 0
    outer loop
      vertex 144 0 152
      vertex 144 46.61163165449034 99.83466749923474
      vertex 144 46.48445554337723 100.025
    endloop
  endfacet
  facet normal 1 0 0
    outer loop
      vertex 144 0 152
      vertex 144 46.26497149259583 100.67157916361492
      vertex 144 46.25 100.9
    endloop
  endfacet
  facet normal 1 0 0
    outer loop
      vertex 144 0 152
      vertex 144 46.25 100.9
      vertex 144 46.26497149259583 101.12842083638509
    endloop
  endfacet
  facet normal 1 0 0
    outer loop
      vertex 144 0 152
      vertex 144 46.26497149259583 101.12842083638509
      vertex 144 46.30962980399413 101.35293332892941
    endloop
  endfacet
  facet normal 1 0 0
    outer loop
      vertex 144 0 152
      vertex 144 46.30962980399413 101.35293332892941
      vertex 144 46.38321081810525 101.5696960066389
    endloop
  endfacet
  facet normal 1 0 0
    outer loop
      vertex 144 0 152
      vertex 144 46.38321081810525 101.5696960066389
      vertex 144 46.48445554337723 101.775
    endloop
  endfacet
  facet normal 1 0 0
    outer loop
      vertex 144 0 152
      vertex 144 46.48445554337723 101.775
      vertex 144 46.61163165449034 101.96533250076527
    endloop
  endfacet
  facet normal 1 0 0
    outer loop
      vertex 144 0 152
      vertex 144 46.61163165449034 101.96533250076527
      vertex 144 46.76256313292354 102.13743686707646
    endloop
  endfacet
  facet normal 1 0 0
    outer loop
      vertex 144 0 152
      vertex 144 46.93466749923474 102.28836834550967
      vertex 144 47.125 102.41554445662277
    endloop
  endfacet
  facet normal 1 0 0
    outer loop
      vertex 144 0 152
      vertex 144 46.76256313292354 102.13743686707646
      vertex 144 46.93466749923474 102.28836834550967
    endloop
  endfacet
  facet normal 1 0 0
    outer loop
      vertex 144 0 152
      vertex 144 47.33030399336109 102.51678918189475
      vertex 144 47.54706667107059 102.59037019600588
    endloop
  endfacet
  facet normal 1 0 0
    outer loop
      vertex 144 0 152
      vertex 144 47.125 102.41554445662277
      vertex 144 47.33030399336109 102.51678918189475
    endloop
  endfacet
  facet normal 1 0 0
    outer loop
      vertex 144 0 152
      vertex 144 47.77157916361491 102.63502850740417
      vertex 144 48 102.65
    endloop
  endfacet
  facet normal 1 0 0
    outer loop
      vertex 144 0 152
      vertex 144 47.54706667107059 102.59037019600588
      vertex 144 47.77157916361491 102.63502850740417
    endloop
  endfacet
  facet normal 1 0 0
    outer loop
      vertex 144 0 152
      vertex 144 48.22842083638509 102.63502850740417
      vertex 144 48.45293332892941 102.59037019600588
    endloop
  endfacet
  facet normal 1 0 0
    outer loop
      vertex 144 0 152
      vertex 144 48 102.65
      vertex 144 48.22842083638509 102.63502850740417
    endloop
  endfacet
  facet normal 1 0 0
    outer loop
      vertex 144 0 152
      vertex 144 48.45293332892941 102.59037019600588
      vertex 144 48.66969600663891 102.51678918189475
    endloop
  endfacet
  facet normal 1 0 0
    outer loop
      vertex 144 0 152
      vertex 144 48.875 102.41554445662277
      vertex 144 49.06533250076526 102.28836834550967
    endloop
  endfacet
  facet normal 1 0 0
    outer loop
      vertex 144 0 152
      vertex 144 49.06533250076526 102.28836834550967
      vertex 144 49.23743686707646 102.13743686707646
    endloop
  endfacet
  facet normal 1 0 0
    outer loop
      vertex 144 0 152
      vertex 144 48.66969600663891 102.51678918189475
      vertex 144 48.875 102.41554445662277
    endloop
  endfacet
  facet normal -1 0 0
    outer loop
      vertex 140 0 152
      vertex 140 260 12
      vertex 140 48.66969600663891 102.51678918189475
    endloop
  endfacet
  facet normal 1 0 0
    outer loop
      vertex 144 0 152
      vertex 144 49.23743686707646 102.13743686707646
      vertex 144 249.31506849315068 12
    endloop
  endfacet
  facet normal 0 0 1
    outer loop
      vertex 140 0 152
      vertex 144 0 152
      vertex 140 260 152
    endloop
  endfacet
  facet normal -1 0 0
    outer loop
      vertex 266 0 6
      vertex 266 0 152
      vertex 266 46.25 100.9
    endloop
  endfacet
  facet normal 1 0 0
    outer loop
      vertex 270 0 6
      vertex 270 46.76256313292354 99.66256313292355
      vertex 270 0 152
    endloop
  endfacet
  facet normal 0 -1 0
    outer loop
      vertex 266 0 6
      vertex 270 0 152
      vertex 266 0 152
    endloop
  endfacet
  facet normal 0 0.4422886902189967 0.8968727415326906
    outer loop
      vertex 270 47.125 99.38445554337724
      vertex 266 47.33030399336109 99.28321081810526
      vertex 266 47.125 99.38445554337724
    endloop
  endfacet
  facet normal 0 0.5555702330195935 0.831469612302551
    outer loop
      vertex 270 46.93466749923474 99.51163165449034
      vertex 266 47.125 99.38445554337724
      vertex 266 46.93466749923474 99.51163165449034
    endloop
  endfacet
  facet normal 0 0.19509032201610832 0.9807852804032344
    outer loop
      vertex 270 47.54706667107059 99.20962980399413
      vertex 266 47.77157916361491 99.16497149259584
      vertex 266 47.54706667107059 99.20962980399413
    endloop
  endfacet
  facet normal 0 0.321439465303198 0.9469301294950933
    outer loop
      vertex 270 47.33030399336109 99.28321081810526
      vertex 266 47.54706667107059 99.20962980399413
      vertex 266 47.33030399336109 99.28321081810526
    endloop
  endfacet
  facet normal 0 0.0654031292301505 0.997858923238603
    outer loop
      vertex 270 47.77157916361491 99.16497149259584
      vertex 266 48 99.15
      vertex 266 47.77157916361491 99.16497149259584
    endloop
  endfacet
  facet normal 0 -0.0654031292301505 0.997858923238603
    outer loop
      vertex 270 48 99.15
      vertex 266 48.22842083638509 99.16497149259584
      vertex 266 48 99.15
    endloop
  endfacet
  facet normal 0 -0.19509032201610832 0.9807852804032344
    outer loop
      vertex 270 48.22842083638509 99.16497149259584
      vertex 266 48.45293332892941 99.20962980399413
      vertex 266 48.22842083638509 99.16497149259584
    endloop
  endfacet
  facet normal 0 -0.321439465303198 0.9469301294950933
    outer loop
      vertex 270 48.45293332892941 99.20962980399413
      vertex 266 48.66969600663891 99.28321081810526
      vertex 266 48.45293332892941 99.20962980399413
    endloop
  endfacet
  facet normal 0 -0.4422886902189967 0.8968727415326906
    outer loop
      vertex 270 48.66969600663891 99.28321081810526
      vertex 266 48.875 99.38445554337724
      vertex 266 48.66969600663891 99.28321081810526
    endloop
  endfacet
  facet normal -1.0516260864162092e-18 0.5555702330195935 0.831469612302551
    outer loop
      vertex 270 46.93466749923474 99.51163165449034
      vertex 270 47.125 99.38445554337724
      vertex 266 47.125 99.38445554337724
    endloop
  endfacet
  facet normal 4.090494858290734e-19 0.321439465303198 0.9469301294950933
    outer loop
      vertex 270 47.33030399336109 99.28321081810526
      vertex 270 47.54706667107059 99.20962980399413
      vertex 266 47.54706667107059 99.20962980399413
    endloop
  endfacet
  facet normal -5.155326865545531e-19 0.19509032201610832 0.9807852804032344
    outer loop
      vertex 270 47.54706667107059 99.20962980399413
      vertex 270 47.77157916361491 99.16497149259584
      vertex 266 47.77157916361491 99.16497149259584
    endloop
  endfacet
  facet normal 1.7386446449024034e-18 0.4422886902189967 0.8968727415326906
    outer loop
      vertex 270 47.125 99.38445554337724
      vertex 270 47.33030399336109 99.28321081810526
      vertex 266 47.33030399336109 99.28321081810526
    endloop
  endfacet
  facet normal 2.92254681541486e-20 0.0654031292301505 0.997858923238603
    outer loop
      vertex 270 47.77157916361491 99.16497149259584
      vertex 270 48 99.15
      vertex 266 48 99.15
    endloop
  endfacet
  facet normal -2.92254681541486e-20 -0.0654031292301505 0.997858923238603
    outer loop
      vertex 270 48 99.15
      vertex 270 48.22842083638509 99.16497149259584
      vertex 266 48.22842083638509 99.16497149259584
    endloop
  endfacet
  facet normal 5.155326865545531e-19 -0.19509032201610832 0.9807852804032344
    outer loop
      vertex 270 48.22842083638509 99.16497149259584
      vertex 270 48.45293332892941 99.20962980399413
      vertex 266 48.45293332892941 99.20962980399413
    endloop
  endfacet
  facet normal -4.090494858290734e-19 -0.321439465303198 0.9469301294950933
    outer loop
      vertex 270 48.45293332892941 99.20962980399413
      vertex 270 48.66969600663891 99.28321081810526
      vertex 266 48.66969600663891 99.28321081810526
    endloop
  endfacet
  facet normal 0 0.7518398074789673 0.6593458151000803
    outer loop
      vertex 266 46.61163165449034 99.83466749923474
      vertex 270 46.61163165449034 99.83466749923474
      vertex 266 46.76256313292354 99.66256313292355
    endloop
  endfacet
  facet normal 0 0.8314696123025462 0.5555702330196006
    outer loop
      vertex 270 46.48445554337723 100.025
      vertex 266 46.61163165449034 99.83466749923474
      vertex 266 46.48445554337723 100.025
    endloop
  endfacet
  facet normal 0 0.8968727415326967 0.44228869021898437
    outer loop
      vertex 270 46.38321081810525 100.2303039933611
      vertex 266 46.48445554337723 100.025
      vertex 266 46.38321081810525 100.2303039933611
    endloop
  endfacet
  facet normal 0 0.9469301294951027 0.32143946530317014
    outer loop
      vertex 270 46.30962980399413 100.4470666710706
      vertex 266 46.38321081810525 100.2303039933611
      vertex 266 46.30962980399413 100.4470666710706
    endloop
  endfacet
  facet normal 0 0.9807852804032344 0.19509032201610832
    outer loop
      vertex 270 46.26497149259583 100.67157916361492
      vertex 266 46.30962980399413 100.4470666710706
      vertex 266 46.26497149259583 100.67157916361492
    endloop
  endfacet
  facet normal 0 0.9978589232386028 0.06540312923015253
    outer loop
      vertex 270 46.25 100.9
      vertex 266 46.26497149259583 100.67157916361492
      vertex 266 46.25 100.9
    endloop
  endfacet
  facet normal 0 0.9978589232386028 -0.06540312923015253
    outer loop
      vertex 270 46.26497149259583 101.12842083638509
      vertex 266 46.25 100.9
      vertex 266 46.26497149259583 101.12842083638509
    endloop
  endfacet
  facet normal 0 0.9807852804032344 -0.19509032201610832
    outer loop
      vertex 270 46.30962980399413 101.35293332892941
      vertex 266 46.26497149259583 101.12842083638509
      vertex 266 46.30962980399413 101.35293332892941
    endloop
  endfacet
  facet normal 0 0.9469301294951027 -0.32143946530317014
    outer loop
      vertex 270 46.38321081810525 101.5696960066389
      vertex 266 46.30962980399413 101.35293332892941
      vertex 266 46.38321081810525 101.5696960066389
    endloop
  endfacet
  facet normal 0 0.8968727415326967 -0.44228869021898437
    outer loop
      vertex 270 46.48445554337723 101.775
      vertex 266 46.38321081810525 101.5696960066389
      vertex 266 46.48445554337723 101.775
    endloop
  endfacet
  facet normal -1.4302873322411368e-18 0.6593458151000672 0.751839807478979
    outer loop
      vertex 266 46.93466749923474 99.51163165449034
      vertex 266 46.76256313292354 99.66256313292355
      vertex 270 46.76256313292354 99.66256313292355
    endloop
  endfacet
  facet normal 1.1655269965592077e-18 0.7518398074789673 0.6593458151000803
    outer loop
      vertex 270 46.61163165449034 99.83466749923474
      vertex 270 46.76256313292354 99.66256313292355
      vertex 266 46.76256313292354 99.66256313292355
    endloop
  endfacet
  facet normal 4.1550818753665095e-19 0.8968727415326967 0.44228869021898437
    outer loop
      vertex 270 46.38321081810525 100.2303039933611
      vertex 270 46.48445554337723 100.025
      vertex 266 46.48445554337723 100.025
    endloop
  endfacet
  facet normal 0 0.8314696123025462 0.5555702330196006
    outer loop
      vertex 270 46.61163165449034 99.83466749923474
      vertex 266 46.61163165449034 99.83466749923474
      vertex 270 46.48445554337723 100.025
    endloop
  endfacet
  facet normal 0 0.9469301294951027 0.32143946530317014
    outer loop
      vertex 270 46.38321081810525 100.2303039933611
      vertex 266 46.38321081810525 100.2303039933611
      vertex 270 46.30962980399413 100.4470666710706
    endloop
  endfacet
  facet normal 0 0.9807852804032344 0.19509032201610832
    outer loop
      vertex 270 46.30962980399413 100.4470666710706
      vertex 266 46.30962980399413 100.4470666710706
      vertex 270 46.26497149259583 100.67157916361492
    endloop
  endfacet
  facet normal 0 0.9978589232386028 0.06540312923015253
    outer loop
      vertex 270 46.26497149259583 100.67157916361492
      vertex 266 46.26497149259583 100.67157916361492
      vertex 270 46.25 100.9
    endloop
  endfacet
  facet normal 0 0.9978589232386028 -0.06540312923015253
    outer loop
      vertex 270 46.25 100.9
      vertex 266 46.25 100.9
      vertex 270 46.26497149259583 101.12842083638509
    endloop
  endfacet
  facet normal 0 0.9807852804032344 -0.19509032201610832
    outer loop
      vertex 270 46.26497149259583 101.12842083638509
      vertex 266 46.26497149259583 101.12842083638509
      vertex 270 46.30962980399413 101.35293332892941
    endloop
  endfacet
  facet normal 0 0.9469301294951027 -0.32143946530317014
    outer loop
      vertex 270 46.30962980399413 101.35293332892941
      vertex 266 46.30962980399413 101.35293332892941
      vertex 270 46.38321081810525 101.5696960066389
    endloop
  endfacet
  facet normal 0 0.8968727415326967 -0.44228869021898437
    outer loop
      vertex 270 46.38321081810525 101.5696960066389
      vertex 266 46.38321081810525 101.5696960066389
      vertex 270 46.48445554337723 101.775
    endloop
  endfacet
  facet normal -1.4302873322411368e-18 0.6593458151000672 0.751839807478979
    outer loop
      vertex 270 46.76256313292354 99.66256313292355
      vertex 270 46.93466749923474 99.51163165449034
      vertex 266 46.93466749923474 99.51163165449034
    endloop
  endfacet
  facet normal 0 0.8314696123025462 -0.5555702330196006
    outer loop
      vertex 270 46.61163165449034 101.96533250076527
      vertex 266 46.48445554337723 101.775
      vertex 266 46.61163165449034 101.96533250076527
    endloop
  endfacet
  facet normal 0 0.7518398074789673 -0.6593458151000803
    outer loop
      vertex 270 46.76256313292354 102.13743686707646
      vertex 266 46.61163165449034 101.96533250076527
      vertex 266 46.76256313292354 102.13743686707646
    endloop
  endfacet
  facet normal 1.4302873322411368e-18 0.6593458151000672 -0.751839807478979
    outer loop
      vertex 266 46.76256313292354 102.13743686707646
      vertex 266 46.93466749923474 102.28836834550967
      vertex 270 46.93466749923474 102.28836834550967
    endloop
  endfacet
  facet normal 1.0516260864162092e-18 0.5555702330195935 -0.831469612302551
    outer loop
      vertex 266 46.93466749923474 102.28836834550967
      vertex 266 47.125 102.41554445662277
      vertex 270 47.125 102.41554445662277
    endloop
  endfacet
  facet normal -1.7386446449024034e-18 0.4422886902189967 -0.8968727415326906
    outer loop
      vertex 266 47.125 102.41554445662277
      vertex 266 47.33030399336109 102.51678918189475
      vertex 270 47.33030399336109 102.51678918189475
    endloop
  endfacet
  facet normal -4.090494858290734e-19 0.321439465303198 -0.9469301294950933
    outer loop
      vertex 266 47.33030399336109 102.51678918189475
      vertex 266 47.54706667107059 102.59037019600588
      vertex 270 47.54706667107059 102.59037019600588
    endloop
  endfacet
  facet normal 5.155326865545531e-19 0.19509032201610832 -0.9807852804032344
    outer loop
      vertex 266 47.54706667107059 102.59037019600588
      vertex 266 47.77157916361491 102.63502850740417
      vertex 270 47.77157916361491 102.63502850740417
    endloop
  endfacet
  facet normal -2.92254681541486e-20 0.0654031292301505 -0.997858923238603
    outer loop
      vertex 266 47.77157916361491 102.63502850740417
      vertex 266 48 102.65
      vertex 270 48 102.65
    endloop
  endfacet
  facet normal 2.92254681541486e-20 -0.0654031292301505 -0.997858923238603
    outer loop
      vertex 266 48 102.65
      vertex 266 48.22842083638509 102.63502850740417
      vertex 270 48.22842083638509 102.63502850740417
    endloop
  endfacet
  facet normal -5.155326865545531e-19 -0.19509032201610832 -0.9807852804032344
    outer loop
      vertex 266 48.22842083638509 102.63502850740417
      vertex 266 48.45293332892941 102.59037019600588
      vertex 270 48.45293332892941 102.59037019600588
    endloop
  endfacet
  facet normal 4.090494858290734e-19 -0.321439465303198 -0.9469301294950933
    outer loop
      vertex 266 48.45293332892941 102.59037019600588
      vertex 266 48.66969600663891 102.51678918189475
      vertex 270 48.66969600663891 102.51678918189475
    endloop
  endfacet
  facet normal 0 0.8314696123025462 -0.5555702330196006
    outer loop
      vertex 270 46.48445554337723 101.775
      vertex 266 46.48445554337723 101.775
      vertex 270 46.61163165449034 101.96533250076527
    endloop
  endfacet
  facet normal 0 0.7518398074789673 -0.6593458151000803
    outer loop
      vertex 270 46.61163165449034 101.96533250076527
      vertex 266 46.61163165449034 101.96533250076527
      vertex 270 46.76256313292354 102.13743686707646
    endloop
  endfacet
  facet normal 1.4302873322411368e-18 0.6593458151000672 -0.751839807478979
    outer loop
      vertex 270 46.93466749923474 102.28836834550967
      vertex 270 46.76256313292354 102.13743686707646
      vertex 266 46.76256313292354 102.13743686707646
    endloop
  endfacet
  facet normal 1.0516260864162092e-18 0.5555702330195935 -0.831469612302551
    outer loop
      vertex 270 47.125 102.41554445662277
      vertex 270 46.93466749923474 102.28836834550967
      vertex 266 46.93466749923474 102.28836834550967
    endloop
  endfacet
  facet normal -1.7386446449024034e-18 0.4422886902189967 -0.8968727415326906
    outer loop
      vertex 270 47.33030399336109 102.51678918189475
      vertex 270 47.125 102.41554445662277
      vertex 266 47.125 102.41554445662277
    endloop
  endfacet
  facet normal -4.090494858290734e-19 0.321439465303198 -0.9469301294950933
    outer loop
      vertex 270 47.54706667107059 102.59037019600588
      vertex 270 47.33030399336109 102.51678918189475
      vertex 266 47.33030399336109 102.51678918189475
    endloop
  endfacet
  facet normal 5.155326865545531e-19 0.19509032201610832 -0.9807852804032344
    outer loop
      vertex 270 47.77157916361491 102.63502850740417
      vertex 270 47.54706667107059 102.59037019600588
      vertex 266 47.54706667107059 102.59037019600588
    endloop
  endfacet
  facet normal -2.92254681541486e-20 0.0654031292301505 -0.997858923238603
    outer loop
      vertex 270 48 102.65
      vertex 270 47.77157916361491 102.63502850740417
      vertex 266 47.77157916361491 102.63502850740417
    endloop
  endfacet
  facet normal 2.92254681541486e-20 -0.0654031292301505 -0.997858923238603
    outer loop
      vertex 270 48.22842083638509 102.63502850740417
      vertex 270 48 102.65
      vertex 266 48 102.65
    endloop
  endfacet
  facet normal -5.155326865545531e-19 -0.19509032201610832 -0.9807852804032344
    outer loop
      vertex 270 48.45293332892941 102.59037019600588
      vertex 270 48.22842083638509 102.63502850740417
      vertex 266 48.22842083638509 102.63502850740417
    endloop
  endfacet
  facet normal 1.7386446449024034e-18 -0.4422886902189967 -0.8968727415326906
    outer loop
      vertex 270 48.875 102.41554445662277
      vertex 270 48.66969600663891 102.51678918189475
      vertex 266 48.66969600663891 102.51678918189475
    endloop
  endfacet
  facet normal 4.090494858290734e-19 -0.321439465303198 -0.9469301294950933
    outer loop
      vertex 270 48.66969600663891 102.51678918189475
      vertex 270 48.45293332892941 102.59037019600588
      vertex 266 48.45293332892941 102.59037019600588
    endloop
  endfacet
  facet normal 0 -0.5555702330195935 0.831469612302551
    outer loop
      vertex 270 48.875 99.38445554337724
      vertex 266 49.06533250076526 99.51163165449034
      vertex 266 48.875 99.38445554337724
    endloop
  endfacet
  facet normal -1.7386446449024034e-18 -0.4422886902189967 0.8968727415326906
    outer loop
      vertex 270 48.66969600663891 99.28321081810526
      vertex 270 48.875 99.38445554337724
      vertex 266 48.875 99.38445554337724
    endloop
  endfacet
  facet normal 1.0516260864162092e-18 -0.5555702330195935 0.831469612302551
    outer loop
      vertex 270 48.875 99.38445554337724
      vertex 270 49.06533250076526 99.51163165449034
      vertex 266 49.06533250076526 99.51163165449034
    endloop
  endfacet
  facet normal 0 -0.6593458151000672 0.751839807478979
    outer loop
      vertex 270 49.06533250076526 99.51163165449034
      vertex 266 49.23743686707646 99.66256313292355
      vertex 266 49.06533250076526 99.51163165449034
    endloop
  endfacet
  facet normal 0 -0.7518398074789673 0.6593458151000803
    outer loop
      vertex 266 49.23743686707646 99.66256313292355
      vertex 270 49.23743686707646 99.66256313292355
      vertex 266 49.38836834550966 99.83466749923474
    endloop
  endfacet
  facet normal 0 -0.8314696123025462 0.5555702330196006
    outer loop
      vertex 266 49.38836834550966 99.83466749923474
      vertex 270 49.38836834550966 99.83466749923474
      vertex 266 49.51554445662277 100.025
    endloop
  endfacet
  facet normal 0 -0.8968727415326967 0.44228869021898437
    outer loop
      vertex 266 49.51554445662277 100.025
      vertex 270 49.51554445662277 100.025
      vertex 266 49.61678918189475 100.2303039933611
    endloop
  endfacet
  facet normal 0 -0.9469301294951027 0.32143946530317014
    outer loop
      vertex 266 49.61678918189475 100.2303039933611
      vertex 270 49.61678918189475 100.2303039933611
      vertex 266 49.69037019600587 100.4470666710706
    endloop
  endfacet
  facet normal 0 -0.9807852804032344 0.19509032201610832
    outer loop
      vertex 266 49.69037019600587 100.4470666710706
      vertex 270 49.69037019600587 100.4470666710706
      vertex 266 49.73502850740417 100.67157916361492
    endloop
  endfacet
  facet normal 0 -0.9978589232386028 0.06540312923015253
    outer loop
      vertex 266 49.73502850740417 100.67157916361492
      vertex 270 49.73502850740417 100.67157916361492
      vertex 266 49.75 100.9
    endloop
  endfacet
  facet normal 0 -0.9978589232386028 -0.06540312923015253
    outer loop
      vertex 266 49.75 100.9
      vertex 270 49.75 100.9
      vertex 266 49.73502850740417 101.12842083638509
    endloop
  endfacet
  facet normal 0 -0.9807852804032344 -0.19509032201610832
    outer loop
      vertex 266 49.73502850740417 101.12842083638509
      vertex 270 49.73502850740417 101.12842083638509
      vertex 266 49.69037019600587 101.35293332892941
    endloop
  endfacet
  facet normal 0 -0.9469301294951027 -0.32143946530317014
    outer loop
      vertex 266 49.69037019600587 101.35293332892941
      vertex 270 49.69037019600587 101.35293332892941
      vertex 266 49.61678918189475 101.5696960066389
    endloop
  endfacet
  facet normal 0 -0.8968727415326967 -0.44228869021898437
    outer loop
      vertex 266 49.61678918189475 101.5696960066389
      vertex 270 49.61678918189475 101.5696960066389
      vertex 266 49.51554445662277 101.775
    endloop
  endfacet
  facet normal 1.4302873322411368e-18 -0.6593458151000672 0.751839807478979
    outer loop
      vertex 270 49.06533250076526 99.51163165449034
      vertex 270 49.23743686707646 99.66256313292355
      vertex 266 49.23743686707646 99.66256313292355
    endloop
  endfacet
  facet normal -1.1655269965592077e-18 -0.7518398074789673 0.6593458151000803
    outer loop
      vertex 270 49.23743686707646 99.66256313292355
      vertex 270 49.38836834550966 99.83466749923474
      vertex 266 49.38836834550966 99.83466749923474
    endloop
  endfacet
  facet normal -1.7612456672033556e-18 -0.8314696123025462 0.5555702330196006
    outer loop
      vertex 270 49.38836834550966 99.83466749923474
      vertex 270 49.51554445662277 100.025
      vertex 266 49.51554445662277 100.025
    endloop
  endfacet
  facet normal -4.1550818753665095e-19 -0.8968727415326967 0.44228869021898437
    outer loop
      vertex 270 49.51554445662277 100.025
      vertex 270 49.61678918189475 100.2303039933611
      vertex 266 49.61678918189475 100.2303039933611
    endloop
  endfacet
  facet normal -1.4367733887507788e-19 -0.9469301294951027 0.32143946530317014
    outer loop
      vertex 270 49.61678918189475 100.2303039933611
      vertex 270 49.69037019600587 100.4470666710706
      vertex 266 49.69037019600587 100.4470666710706
    endloop
  endfacet
  facet normal 5.155326865545531e-19 -0.9807852804032344 0.19509032201610832
    outer loop
      vertex 270 49.69037019600587 100.4470666710706
      vertex 270 49.73502850740417 100.67157916361492
      vertex 266 49.73502850740417 100.67157916361492
    endloop
  endfacet
  facet normal -1.679695624159502e-19 -0.9978589232386028 0.06540312923015253
    outer loop
      vertex 270 49.73502850740417 100.67157916361492
      vertex 270 49.75 100.9
      vertex 266 49.75 100.9
    endloop
  endfacet
  facet normal 1.679695624159502e-19 -0.9978589232386028 -0.06540312923015253
    outer loop
      vertex 270 49.75 100.9
      vertex 270 49.73502850740417 101.12842083638509
      vertex 266 49.73502850740417 101.12842083638509
    endloop
  endfacet
  facet normal -5.155326865545531e-19 -0.9807852804032344 -0.19509032201610832
    outer loop
      vertex 270 49.73502850740417 101.12842083638509
      vertex 270 49.69037019600587 101.35293332892941
      vertex 266 49.69037019600587 101.35293332892941
    endloop
  endfacet
  facet normal 1.4367733887507788e-19 -0.9469301294951027 -0.32143946530317014
    outer loop
      vertex 270 49.69037019600587 101.35293332892941
      vertex 270 49.61678918189475 101.5696960066389
      vertex 266 49.61678918189475 101.5696960066389
    endloop
  endfacet
  facet normal 4.1550818753665095e-19 -0.8968727415326967 -0.44228869021898437
    outer loop
      vertex 270 49.61678918189475 101.5696960066389
      vertex 270 49.51554445662277 101.775
      vertex 266 49.51554445662277 101.775
    endloop
  endfacet
  facet normal -1.0516260864162092e-18 -0.5555702330195935 -0.831469612302551
    outer loop
      vertex 266 48.875 102.41554445662277
      vertex 266 49.06533250076526 102.28836834550967
      vertex 270 49.06533250076526 102.28836834550967
    endloop
  endfacet
  facet normal -1.4302873322411368e-18 -0.6593458151000672 -0.751839807478979
    outer loop
      vertex 266 49.06533250076526 102.28836834550967
      vertex 266 49.23743686707646 102.13743686707646
      vertex 270 49.23743686707646 102.13743686707646
    endloop
  endfacet
  facet normal 0 -0.8314696123025462 -0.5555702330196006
    outer loop
      vertex 266 49.51554445662277 101.775
      vertex 270 49.51554445662277 101.775
      vertex 266 49.38836834550966 101.96533250076527
    endloop
  endfacet
  facet normal 0 -0.7518398074789673 -0.6593458151000803
    outer loop
      vertex 266 49.38836834550966 101.96533250076527
      vertex 270 49.38836834550966 101.96533250076527
      vertex 266 49.23743686707646 102.13743686707646
    endloop
  endfacet
  facet normal 1.7386446449024034e-18 -0.4422886902189967 -0.8968727415326906
    outer loop
      vertex 266 48.66969600663891 102.51678918189475
      vertex 266 48.875 102.41554445662277
      vertex 270 48.875 102.41554445662277
    endloop
  endfacet
  facet normal 0 -0.5555702330195935 -0.831469612302551
    outer loop
      vertex 270 48.875 102.41554445662277
      vertex 266 48.875 102.41554445662277
      vertex 270 49.06533250076526 102.28836834550967
    endloop
  endfacet
  facet normal -1.4302873322411368e-18 -0.6593458151000672 -0.751839807478979
    outer loop
      vertex 270 49.23743686707646 102.13743686707646
      vertex 270 49.06533250076526 102.28836834550967
      vertex 266 49.06533250076526 102.28836834550967
    endloop
  endfacet
  facet normal 1.7612456672033556e-18 -0.8314696123025462 -0.5555702330196006
    outer loop
      vertex 270 49.51554445662277 101.775
      vertex 270 49.38836834550966 101.96533250076527
      vertex 266 49.38836834550966 101.96533250076527
    endloop
  endfacet
  facet normal 0 -0.7518398074789673 -0.6593458151000803
    outer loop
      vertex 270 49.23743686707646 102.13743686707646
      vertex 266 49.23743686707646 102.13743686707646
      vertex 270 49.38836834550966 101.96533250076527
    endloop
  endfacet
  facet normal 1 0 0
    outer loop
      vertex 270 0 152
      vertex 270 46.76256313292354 99.66256313292355
      vertex 270 46.61163165449034 99.83466749923474
    endloop
  endfacet
  facet normal 1 0 0
    outer loop
      vertex 270 0 152
      vertex 270 46.48445554337723 100.025
      vertex 270 46.38321081810525 100.2303039933611
    endloop
  endfacet
  facet normal 1 0 0
    outer loop
      vertex 270 0 152
      vertex 270 46.38321081810525 100.2303039933611
      vertex 270 46.30962980399413 100.4470666710706
    endloop
  endfacet
  facet normal 1 0 0
    outer loop
      vertex 270 0 152
      vertex 270 46.30962980399413 100.4470666710706
      vertex 270 46.26497149259583 100.67157916361492
    endloop
  endfacet
  facet normal 1 0 0
    outer loop
      vertex 270 0 152
      vertex 270 46.61163165449034 99.83466749923474
      vertex 270 46.48445554337723 100.025
    endloop
  endfacet
  facet normal -1 0 0
    outer loop
      vertex 266 0 152
      vertex 266 46.26497149259583 101.12842083638509
      vertex 266 46.25 100.9
    endloop
  endfacet
  facet normal -1 0 0
    outer loop
      vertex 266 0 152
      vertex 266 46.30962980399413 101.35293332892941
      vertex 266 46.26497149259583 101.12842083638509
    endloop
  endfacet
  facet normal -1 0 0
    outer loop
      vertex 266 0 152
      vertex 266 46.38321081810525 101.5696960066389
      vertex 266 46.30962980399413 101.35293332892941
    endloop
  endfacet
  facet normal -1 0 0
    outer loop
      vertex 266 0 152
      vertex 266 46.48445554337723 101.775
      vertex 266 46.38321081810525 101.5696960066389
    endloop
  endfacet
  facet normal -1 0 0
    outer loop
      vertex 266 0 152
      vertex 266 46.61163165449034 101.96533250076527
      vertex 266 46.48445554337723 101.775
    endloop
  endfacet
  facet normal -1 0 0
    outer loop
      vertex 266 0 152
      vertex 266 46.76256313292354 102.13743686707646
      vertex 266 46.61163165449034 101.96533250076527
    endloop
  endfacet
  facet normal -1 0 0
    outer loop
      vertex 266 0 152
      vertex 266 46.93466749923474 102.28836834550967
      vertex 266 46.76256313292354 102.13743686707646
    endloop
  endfacet
  facet normal -1 0 0
    outer loop
      vertex 266 0 152
      vertex 266 47.125 102.41554445662277
      vertex 266 46.93466749923474 102.28836834550967
    endloop
  endfacet
  facet normal -1 0 0
    outer loop
      vertex 266 0 152
      vertex 266 47.33030399336109 102.51678918189475
      vertex 266 47.125 102.41554445662277
    endloop
  endfacet
  facet normal -1 0 0
    outer loop
      vertex 266 0 152
      vertex 266 47.54706667107059 102.59037019600588
      vertex 266 47.33030399336109 102.51678918189475
    endloop
  endfacet
  facet normal 1 0 0
    outer loop
      vertex 270 0 152
      vertex 270 46.26497149259583 100.67157916361492
      vertex 270 46.25 100.9
    endloop
  endfacet
  facet normal 1 0 0
    outer loop
      vertex 270 0 152
      vertex 270 46.25 100.9
      vertex 270 46.26497149259583 101.12842083638509
    endloop
  endfacet
  facet normal 1 0 0
    outer loop
      vertex 270 0 152
      vertex 270 46.26497149259583 101.12842083638509
      vertex 270 46.30962980399413 101.35293332892941
    endloop
  endfacet
  facet normal 1 0 0
    outer loop
      vertex 270 0 152
      vertex 270 46.30962980399413 101.35293332892941
      vertex 270 46.38321081810525 101.5696960066389
    endloop
  endfacet
  facet normal 1 0 0
    outer loop
      vertex 270 0 152
      vertex 270 46.38321081810525 101.5696960066389
      vertex 270 46.48445554337723 101.775
    endloop
  endfacet
  facet normal 1 0 0
    outer loop
      vertex 270 0 152
      vertex 270 46.48445554337723 101.775
      vertex 270 46.61163165449034 101.96533250076527
    endloop
  endfacet
  facet normal 1 0 0
    outer loop
      vertex 270 0 152
      vertex 270 46.61163165449034 101.96533250076527
      vertex 270 46.76256313292354 102.13743686707646
    endloop
  endfacet
  facet normal 1 0 0
    outer loop
      vertex 270 0 152
      vertex 270 46.76256313292354 102.13743686707646
      vertex 270 46.93466749923474 102.28836834550967
    endloop
  endfacet
  facet normal 1 0 0
    outer loop
      vertex 270 0 152
      vertex 270 46.93466749923474 102.28836834550967
      vertex 270 47.125 102.41554445662277
    endloop
  endfacet
  facet normal 1 0 0
    outer loop
      vertex 270 0 152
      vertex 270 47.125 102.41554445662277
      vertex 270 47.33030399336109 102.51678918189475
    endloop
  endfacet
  facet normal 1 0 0
    outer loop
      vertex 270 0 152
      vertex 270 47.33030399336109 102.51678918189475
      vertex 270 47.54706667107059 102.59037019600588
    endloop
  endfacet
  facet normal 1 0 0
    outer loop
      vertex 270 0 152
      vertex 270 47.54706667107059 102.59037019600588
      vertex 270 47.77157916361491 102.63502850740417
    endloop
  endfacet
  facet normal 1 0 0
    outer loop
      vertex 270 0 152
      vertex 270 47.77157916361491 102.63502850740417
      vertex 270 48 102.65
    endloop
  endfacet
  facet normal 1 0 0
    outer loop
      vertex 270 0 152
      vertex 270 48 102.65
      vertex 270 48.22842083638509 102.63502850740417
    endloop
  endfacet
  facet normal 1 0 0
    outer loop
      vertex 270 0 152
      vertex 270 48.22842083638509 102.63502850740417
      vertex 270 48.45293332892941 102.59037019600588
    endloop
  endfacet
  facet normal 1 0 0
    outer loop
      vertex 270 0 152
      vertex 270 48.45293332892941 102.59037019600588
      vertex 270 48.66969600663891 102.51678918189475
    endloop
  endfacet
  facet normal -1 0 0
    outer loop
      vertex 266 0 6
      vertex 266 48.45293332892941 99.20962980399413
      vertex 266 260 152
    endloop
  endfacet
  facet normal 1 0 0
    outer loop
      vertex 270 0 152
      vertex 270 48.66969600663891 102.51678918189475
      vertex 270 260 6
    endloop
  endfacet
  facet normal 0 0 1
    outer loop
      vertex 266 0 152
      vertex 270 0 152
      vertex 266 260 152
    endloop
  endfacet
  facet normal -1 0 0
    outer loop
      vertex 266 260 152
      vertex 266 48.45293332892941 99.20962980399413
      vertex 266 48.66969600663891 99.28321081810526
    endloop
  endfacet
  facet normal -1 0 0
    outer loop
      vertex 266 260 152
      vertex 266 48.66969600663891 99.28321081810526
      vertex 266 48.875 99.38445554337724
    endloop
  endfacet
  facet normal -1 0 0
    outer loop
      vertex 266 260 152
      vertex 266 48.875 99.38445554337724
      vertex 266 49.06533250076526 99.51163165449034
    endloop
  endfacet
  facet normal -1 0 0
    outer loop
      vertex 266 260 152
      vertex 266 49.06533250076526 99.51163165449034
      vertex 266 49.23743686707646 99.66256313292355
    endloop
  endfacet
  facet normal -1 0 0
    outer loop
      vertex 266 260 152
      vertex 266 49.23743686707646 99.66256313292355
      vertex 266 49.38836834550966 99.83466749923474
    endloop
  endfacet
  facet normal -1 0 0
    outer loop
      vertex 266 260 152
      vertex 266 49.38836834550966 99.83466749923474
      vertex 266 49.51554445662277 100.025
    endloop
  endfacet
  facet normal -1 0 0
    outer loop
      vertex 266 260 152
      vertex 266 49.51554445662277 100.025
      vertex 266 49.61678918189475 100.2303039933611
    endloop
  endfacet
  facet normal -1 0 0
    outer loop
      vertex 266 260 152
      vertex 266 49.61678918189475 100.2303039933611
      vertex 266 49.69037019600587 100.4470666710706
    endloop
  endfacet
  facet normal -1 0 0
    outer loop
      vertex 266 260 152
      vertex 266 49.69037019600587 100.4470666710706
      vertex 266 49.73502850740417 100.67157916361492
    endloop
  endfacet
  facet normal -1 0 0
    outer loop
      vertex 266 260 152
      vertex 266 49.73502850740417 100.67157916361492
      vertex 266 49.75 100.9
    endloop
  endfacet
  facet normal -1 0 0
    outer loop
      vertex 266 260 152
      vertex 266 49.75 100.9
      vertex 266 49.73502850740417 101.12842083638509
    endloop
  endfacet
  facet normal -1 0 0
    outer loop
      vertex 266 260 152
      vertex 266 49.73502850740417 101.12842083638509
      vertex 266 49.69037019600587 101.35293332892941
    endloop
  endfacet
  facet normal -1 0 0
    outer loop
      vertex 266 260 152
      vertex 266 49.69037019600587 101.35293332892941
      vertex 266 49.61678918189475 101.5696960066389
    endloop
  endfacet
  facet normal -1 0 0
    outer loop
      vertex 266 260 152
      vertex 266 49.06533250076526 102.28836834550967
      vertex 266 48.875 102.41554445662277
    endloop
  endfacet
  facet normal -1 0 0
    outer loop
      vertex 266 260 152
      vertex 266 49.61678918189475 101.5696960066389
      vertex 266 49.51554445662277 101.775
    endloop
  endfacet
  facet normal -1 0 0
    outer loop
      vertex 266 260 152
      vertex 266 49.51554445662277 101.775
      vertex 266 49.38836834550966 101.96533250076527
    endloop
  endfacet
  facet normal -1 0 0
    outer loop
      vertex 266 260 152
      vertex 266 49.38836834550966 101.96533250076527
      vertex 266 49.23743686707646 102.13743686707646
    endloop
  endfacet
  facet normal -1 0 0
    outer loop
      vertex 266 260 152
      vertex 266 49.23743686707646 102.13743686707646
      vertex 266 49.06533250076526 102.28836834550967
    endloop
  endfacet
  facet normal -1 0 0
    outer loop
      vertex 266 260 152
      vertex 266 47.77157916361491 102.63502850740417
      vertex 266 47.54706667107059 102.59037019600588
    endloop
  endfacet
  facet normal -1 0 0
    outer loop
      vertex 266 260 152
      vertex 266 48 102.65
      vertex 266 47.77157916361491 102.63502850740417
    endloop
  endfacet
  facet normal -1 0 0
    outer loop
      vertex 266 260 152
      vertex 266 48.22842083638509 102.63502850740417
      vertex 266 48 102.65
    endloop
  endfacet
  facet normal -1 0 0
    outer loop
      vertex 266 260 152
      vertex 266 48.66969600663891 102.51678918189475
      vertex 266 48.45293332892941 102.59037019600588
    endloop
  endfacet
  facet normal -1 0 0
    outer loop
      vertex 266 260 152
      vertex 266 48.45293332892941 102.59037019600588
      vertex 266 48.22842083638509 102.63502850740417
    endloop
  endfacet
  facet normal -1 0 0
    outer loop
      vertex 266 260 152
      vertex 266 48.875 102.41554445662277
      vertex 266 48.66969600663891 102.51678918189475
    endloop
  endfacet
  facet normal -1 0 0
    outer loop
      vertex 266 0 152
      vertex 266 260 152
      vertex 266 47.54706667107059 102.59037019600588
    endloop
  endfacet
  facet normal -1 0 0
    outer loop
      vertex 140 62.53164556962025 6
      vertex 140 260 12
      vertex 140 76 6
    endloop
  endfacet
  facet normal 0 0 -1
    outer loop
      vertex 140 76 6
      vertex 140 260 6
      vertex 141.16923076923078 76 6
    endloop
  endfacet
  facet normal 0 0 -1
    outer loop
      vertex 141.16923076923078 76 6
      vertex 144 260 6
      vertex 144 76 6
    endloop
  endfacet
  facet normal 1 0 0
    outer loop
      vertex 144 76 6
      vertex 144 260 6
      vertex 144 76 10
    endloop
  endfacet
  facet normal 1 0 0
    outer loop
      vertex 144 124.65753424657534 12
      vertex 144 249.31506849315068 12
      vertex 144 49.75 100.9
    endloop
  endfacet
  facet normal -1 0 0
    outer loop
      vertex 140 76 6
      vertex 140 260 12
      vertex 140 260 6
    endloop
  endfacet
  facet normal 0 0 -1
    outer loop
      vertex 141.16923076923078 76 6
      vertex 140 260 6
      vertex 144 260 6
    endloop
  endfacet
  facet normal 1 0 0
    outer loop
      vertex 144 124.65753424657534 12
      vertex 144 260 6
      vertex 144 249.31506849315068 12
    endloop
  endfacet
  facet normal 0 1 0
    outer loop
      vertex 140 260 6
      vertex 140 260 12
      vertex 144 260 6
    endloop
  endfacet
  facet normal 1 0 0
    outer loop
      vertex 144 249.31506849315068 12
      vertex 144 260 6
      vertex 144 260 12
    endloop
  endfacet
  facet normal 0 1 0
    outer loop
      vertex 144 260 6
      vertex 140 260 12
      vertex 140 260 152
    endloop
  endfacet
  facet normal 0 1 0
    outer loop
      vertex 144 260 6
      vertex 140 260 152
      vertex 144 260 12
    endloop
  endfacet
  facet normal 1 0 0
    outer loop
      vertex 144 249.31506849315068 12
      vertex 144 260 12
      vertex 144 260 152
    endloop
  endfacet
  facet normal 0 0 -1
    outer loop
      vertex 266 76 6
      vertex 266 260 6
      vertex 267.16923076923075 76 6
    endloop
  endfacet
  facet normal -1 0 0
    outer loop
      vertex 266 76 6
      vertex 266 76 10
      vertex 266 260 6
    endloop
  endfacet
  facet normal 0 0 -1
    outer loop
      vertex 267.16923076923075 76 6
      vertex 266 260 6
      vertex 270 260 6
    endloop
  endfacet
  facet normal -1 0 0
    outer loop
      vertex 266 76 10
      vertex 266 260 152
      vertex 266 260 6
    endloop
  endfacet
  facet normal 0 1 0
    outer loop
      vertex 266 260 6
      vertex 266 260 152
      vertex 270 260 6
    endloop
  endfacet
  facet normal -1 0 0
    outer loop
      vertex 140 0 152
      vertex 140 260 152
      vertex 140 260 12
    endloop
  endfacet
  facet normal 1 0 0
    outer loop
      vertex 144 0 152
      vertex 144 249.31506849315068 12
      vertex 144 260 152
    endloop
  endfacet
  facet normal 0 0 1
    outer loop
      vertex 144 0 152
      vertex 144 260 152
      vertex 140 260 152
    endloop
  endfacet
  facet normal 0 1 0
    outer loop
      vertex 144 260 12
      vertex 140 260 152
      vertex 144 260 152
    endloop
  endfacet
  facet normal 1 0 0
    outer loop
      vertex 270 0 152
      vertex 270 260 6
      vertex 270 260 152
    endloop
  endfacet
  facet normal 0 0 1
    outer loop
      vertex 270 0 152
      vertex 270 260 152
      vertex 266 260 152
    endloop
  endfacet
  facet normal 0 1 0
    outer loop
      vertex 270 260 6
      vertex 266 260 152
      vertex 270 260 152
    endloop
  endfacet
endsolid OpenSCAD_Model
